Date,Open,High,Low,Close,Volume
2021-09-17,1295.0,1296.300048828125,1272.800048828125,1277.699951171875,627000.0
2021-09-20,1266.0,1266.199951171875,1237.199951171875,1239.4000244140625,696800.0
2021-09-21,1250.0,1256.300048828125,1239.699951171875,1245.0,597900.0
2021-09-22,1252.4000244140625,1273.199951171875,1246.199951171875,1273.199951171875,553800.0
2021-09-23,1275.5999755859375,1285.300048828125,1236.800048828125,1240.0,1178800.0
2021-09-24,1233.5999755859375,1233.5999755859375,1196.0,1203.0,947700.0
2021-09-27,1213.4000244140625,1217.199951171875,1199.4000244140625,1215.300048828125,681700.0
2021-09-28,1213.800048828125,1214.4000244140625,1200.199951171875,1206.0999755859375,778700.0
2021-09-29,1214.0,1230.0999755859375,1211.5,1225.199951171875,812700.0
2021-09-30,1227.800048828125,1248.699951171875,1215.4000244140625,1244.0999755859375,951700.0
2021-10-01,1234.9000244140625,1248.0999755859375,1232.699951171875,1241.699951171875,661200.0
2021-10-04,1243.300048828125,1251.5999755859375,1236.5999755859375,1236.5999755859375,604700.0
2021-10-05,1237.699951171875,1245.5,1229.9000244140625,1240.199951171875,721700.0
2021-10-06,1237.300048828125,1241.0,1222.5999755859375,1230.9000244140625,811100.0
2021-10-07,1247.9000244140625,1253.4000244140625,1240.699951171875,1249.0,664600.0
2021-10-08,1249.5999755859375,1257.699951171875,1240.5999755859375,1242.0,626900.0
2021-10-11,1245.5999755859375,1263.9000244140625,1244.5,1257.800048828125,615600.0
2021-10-12,1251.199951171875,1270.9000244140625,1249.0999755859375,1261.699951171875,808600.0
2021-10-13,1266.5,1270.5999755859375,1240.4000244140625,1246.4000244140625,840000.0
2021-10-14,1243.4000244140625,1253.0999755859375,1238.5,1244.4000244140625,715000.0
2021-10-15,1248.800048828125,1251.0,1206.9000244140625,1215.699951171875,985700.0
2021-10-18,1214.800048828125,1217.199951171875,1198.5,1204.5,822100.0
2021-10-19,1212.0,1238.4000244140625,1212.0,1234.800048828125,720600.0
2021-10-20,1233.5,1251.699951171875,1227.800048828125,1248.5,805200.0
2021-10-21,1248.4000244140625,1264.9000244140625,1216.699951171875,1247.300048828125,1546000.0
2021-10-22,1247.800048828125,1279.0,1242.0999755859375,1271.199951171875,1226400.0
2021-10-25,1262.300048828125,1282.4000244140625,1255.4000244140625,1273.5,1357000.0
2021-10-26,1280.4000244140625,1294.300048828125,1280.4000244140625,1286.0,739600.0
2021-10-27,1288.0999755859375,1327.699951171875,1287.9000244140625,1323.199951171875,1243400.0
2021-10-28,1323.0999755859375,1349.199951171875,1315.0999755859375,1346.5999755859375,573800.0
2021-11-01,1352.300048828125,1382.300048828125,1348.9000244140625,1377.0999755859375,1056900.0
2021-11-02,1382.199951171875,1404.4000244140625,1380.800048828125,1390.300048828125,1265000.0
2021-11-03,1387.800048828125,1424.5,1353.300048828125,1422.0999755859375,2124200.0
2021-11-04,1444.699951171875,1457.4000244140625,1433.5,1450.699951171875,1998800.0
2021-11-05,1450.9000244140625,1467.5999755859375,1436.800048828125,1463.5999755859375,1411200.0
2021-11-08,1468.5,1481.0999755859375,1456.5,1478.699951171875,1368900.0
2021-11-09,1479.5,1499.9000244140625,1465.5,1465.5,1562200.0
2021-11-10,1466.300048828125,1494.0999755859375,1459.800048828125,1484.0999755859375,1339400.0
2021-11-11,1478.4000244140625,1488.699951171875,1457.300048828125,1463.0,1249800.0
2021-11-12,1471.5999755859375,1480.5,1466.4000244140625,1472.300048828125,1029000.0
2021-11-15,1586.9000244140625,1616.199951171875,1577.199951171875,1615.5999755859375,2173100.0
2021-11-16,1676.4000244140625,1712.199951171875,1614.0999755859375,1619.5999755859375,2917300.0
2021-11-17,1615.699951171875,1633.300048828125,1601.9000244140625,1620.4000244140625,1182500.0
2021-11-18,1621.0999755859375,1728.9000244140625,1615.800048828125,1669.699951171875,3405800.0
2021-11-19,1679.300048828125,1686.4000244140625,1648.5,1652.9000244140625,1275500.0
2021-11-22,1667.5,1672.300048828125,1638.800048828125,1644.0,799400.0
2021-11-23,1640.5999755859375,1650.0999755859375,1578.199951171875,1592.9000244140625,1987200.0
2021-11-24,1601.9000244140625,1644.5999755859375,1599.0,1624.0,2201500.0
2021-11-25,1628.800048828125,1632.4000244140625,1601.9000244140625,1602.800048828125,1401200.0
2021-11-26,1588.9000244140625,1588.9000244140625,1538.699951171875,1548.300048828125,1482400.0
2021-11-29,1552.300048828125,1559.5,1528.4000244140625,1542.300048828125,1075400.0
2021-11-30,1537.0,1556.5,1530.300048828125,1535.5999755859375,1304100.0
2021-12-01,1546.5999755859375,1592.9000244140625,1546.5999755859375,1578.300048828125,1475700.0
2021-12-02,1583.199951171875,1599.9000244140625,1579.9000244140625,1594.800048828125,1293900.0
2021-12-03,1604.5999755859375,1618.800048828125,1597.4000244140625,1610.0,1420500.0
2021-12-06,1613.800048828125,1660.699951171875,1608.699951171875,1660.4000244140625,1581300.0
2021-12-07,1672.5,1678.0,1644.699951171875,1663.0999755859375,1454300.0
2021-12-08,1670.199951171875,1703.800048828125,1670.199951171875,1697.0,2087300.0
2021-12-09,1701.300048828125,1730.699951171875,1690.5999755859375,1697.5999755859375,1733700.0
2021-12-10,1696.5999755859375,1696.5999755859375,1649.9000244140625,1669.0,1325500.0
2021-12-13,1671.5999755859375,1738.9000244140625,1658.699951171875,1719.800048828125,1836600.0
2021-12-14,1726.0999755859375,1818.699951171875,1726.0999755859375,1790.800048828125,2971800.0
2021-12-15,1823.5,1835.5999755859375,1764.5,1768.5,2490100.0
2021-12-16,1784.9000244140625,1846.800048828125,1784.9000244140625,1846.800048828125,2697700.0
2021-12-17,1866.5,1975.0,1677.0999755859375,1685.4000244140625,4040900.0
2021-12-20,1660.300048828125,1728.4000244140625,1556.199951171875,1649.0999755859375,2229100.0
2021-12-21,1695.4000244140625,1783.800048828125,1593.4000244140625,1619.5999755859375,2206800.0
2021-12-22,1601.5,1694.0,1601.5,1675.9000244140625,2184100.0
2021-12-23,1705.800048828125,1715.5,1638.800048828125,1680.199951171875,1569300.0
2021-12-24,1683.199951171875,1686.300048828125,1667.800048828125,1679.4000244140625,755700.0
2021-12-27,1679.5999755859375,1712.199951171875,1679.5999755859375,1703.199951171875,1154600.0
2021-12-28,1697.300048828125,1697.300048828125,1611.5,1617.699951171875,884300.0
2021-12-29,1605.800048828125,1642.9000244140625,1590.0,1629.5,941700.0
2021-12-30,1635.699951171875,1662.199951171875,1626.300048828125,1626.300048828125,944400.0
2021-12-31,1624.5999755859375,1632.800048828125,1585.800048828125,1595.699951171875,585000.0
2022-01-03,1598.5999755859375,1634.800048828125,1598.300048828125,1628.300048828125,804700.0
2022-01-04,1631.9000244140625,1650.9000244140625,1602.4000244140625,1619.300048828125,989000.0
2022-01-05,1618.800048828125,1636.699951171875,1611.800048828125,1635.5,654700.0
2022-01-06,1630.9000244140625,1649.5,1619.4000244140625,1631.5999755859375,954600.0
2022-01-07,1636.699951171875,1691.699951171875,1636.699951171875,1691.199951171875,1614500.0
2022-01-10,1710.199951171875,1728.0999755859375,1689.699951171875,1689.699951171875,1042400.0
2022-01-11,1696.699951171875,1718.300048828125,1673.5999755859375,1695.9000244140625,1270500.0
2022-01-12,1711.9000244140625,1719.5999755859375,1701.4000244140625,1711.300048828125,1052400.0
2022-01-13,1710.9000244140625,1724.699951171875,1704.0999755859375,1706.0999755859375,1091500.0
2022-01-14,1707.0,1718.5,1683.5,1712.800048828125,1135000.0
2022-01-17,1743.5999755859375,1761.699951171875,1737.800048828125,1759.0999755859375,1700700.0
2022-01-18,1754.5999755859375,1785.800048828125,1680.0999755859375,1680.0999755859375,2088900.0
2022-01-19,1694.5999755859375,1775.0,1694.5999755859375,1774.800048828125,1966500.0
2022-01-20,1786.0999755859375,1803.5999755859375,1727.9000244140625,1757.800048828125,2720600.0
2022-01-21,1750.5999755859375,1769.300048828125,1734.9000244140625,1763.9000244140625,1239200.0
2022-01-24,1761.0,1782.9000244140625,1695.9000244140625,1696.300048828125,1686300.0
2022-01-25,1714.0,1733.699951171875,1691.5999755859375,1725.300048828125,922200.0
2022-01-26,1729.5999755859375,1741.5999755859375,1718.699951171875,1720.5999755859375,625800.0
2022-01-27,1697.800048828125,1740.0,1694.0,1738.5,843200.0
2022-01-28,1743.300048828125,1756.199951171875,1724.0999755859375,1726.0,953200.0
2022-01-31,1741.0,1765.4000244140625,1738.5,1765.199951171875,825600.0
2022-02-01,1773.5,1785.5999755859375,1767.0999755859375,1769.300048828125,898400.0
2022-02-02,1789.0,1821.5,1787.0999755859375,1817.199951171875,1509400.0
2022-02-03,1798.0999755859375,1813.9000244140625,1748.699951171875,1750.4000244140625,1170600.0
2022-02-04,1757.4000244140625,1761.199951171875,1736.5999755859375,1743.0,872700.0
2022-02-07,1739.5999755859375,1754.5999755859375,1695.800048828125,1750.5999755859375,1094400.0
2022-02-08,1750.5999755859375,1777.5,1746.5999755859375,1765.5,913500.0
2022-02-09,1778.9000244140625,1792.4000244140625,1769.4000244140625,1787.9000244140625,811600.0
2022-02-10,1791.4000244140625,1803.300048828125,1774.300048828125,1781.199951171875,925600.0
2022-02-11,1768.9000244140625,1791.0999755859375,1748.800048828125,1790.4000244140625,779100.0
2022-02-14,1780.699951171875,1780.699951171875,1732.699951171875,1763.199951171875,1081800.0
2022-02-15,1768.0999755859375,1794.199951171875,1758.199951171875,1783.0999755859375,844100.0
2022-02-16,1786.0,1788.800048828125,1771.0,1777.0,342500.0
2022-02-17,1769.0999755859375,1781.699951171875,1747.5,1747.5,722000.0
2022-02-18,1761.800048828125,1763.199951171875,1745.0999755859375,1762.5,497300.0
2022-02-21,1777.5999755859375,1781.9000244140625,1749.199951171875,1758.9000244140625,679000.0
2022-02-22,1743.800048828125,1756.0,1723.0,1744.0,766400.0
2022-02-23,1749.4000244140625,1751.0,1722.0999755859375,1722.0999755859375,463900.0
2022-02-24,1684.699951171875,1684.699951171875,1572.0999755859375,1576.300048828125,851000.0
2022-02-25,1602.0,1643.5999755859375,1582.199951171875,1631.0,1006900.0
2022-02-28,1613.5999755859375,1618.4000244140625,1585.199951171875,1601.800048828125,864600.0
2022-03-01,1616.5,1684.0,1614.300048828125,1635.699951171875,1419500.0
2022-03-02,1639.0999755859375,1664.0,1631.4000244140625,1641.0,705600.0
2022-03-03,1656.5999755859375,1668.300048828125,1644.9000244140625,1655.5,668500.0
2022-03-04,1644.0,1659.0,1634.199951171875,1645.300048828125,618600.0
2022-03-07,1639.199951171875,1650.4000244140625,1617.9000244140625,1629.0999755859375,644700.0
2022-03-08,1619.300048828125,1642.5999755859375,1617.800048828125,1618.5999755859375,717800.0
2022-03-09,1632.5999755859375,1665.699951171875,1631.199951171875,1662.0,786700.0
2022-03-10,1673.699951171875,1676.5,1643.4000244140625,1645.0999755859375,752200.0
2022-03-11,1651.800048828125,1667.0,1645.5,1655.300048828125,648900.0
2022-03-14,1657.699951171875,1678.4000244140625,1656.199951171875,1673.5999755859375,638600.0
2022-03-15,1670.199951171875,1694.9000244140625,1667.5,1685.800048828125,814100.0
2022-03-16,1693.0,1699.5,1684.4000244140625,1688.0999755859375,645300.0
2022-03-17,1696.0,1721.9000244140625,1696.0,1712.0999755859375,829500.0
2022-03-18,1711.5999755859375,1716.0999755859375,1701.5,1713.0,622900.0
2022-03-21,1719.699951171875,1739.4000244140625,1718.5999755859375,1730.699951171875,667500.0
2022-03-22,1730.5,1760.699951171875,1727.800048828125,1758.199951171875,720100.0
2022-03-23,1761.0999755859375,1774.9000244140625,1752.5999755859375,1762.4000244140625,868100.0
2022-03-24,1763.9000244140625,1767.4000244140625,1726.4000244140625,1729.4000244140625,701700.0
2022-03-25,1729.9000244140625,1741.5,1713.699951171875,1714.4000244140625,487100.0
2022-03-28,1720.0,1724.300048828125,1707.800048828125,1707.800048828125,446100.0
2022-03-29,1704.0,1726.800048828125,1703.300048828125,1723.0,672500.0
2022-03-30,1715.0999755859375,1751.5,1714.9000244140625,1750.0999755859375,1132800.0
2022-03-31,1754.0999755859375,1765.300048828125,1732.4000244140625,1739.4000244140625,838800.0
2022-04-01,1752.5999755859375,1772.5999755859375,1740.5,1757.800048828125,1348200.0
2022-04-04,1766.9000244140625,1816.0,1760.0999755859375,1814.4000244140625,1461900.0
2022-04-05,1820.0999755859375,1846.699951171875,1798.5999755859375,1808.800048828125,1398200.0
2022-04-06,1810.800048828125,1819.199951171875,1788.4000244140625,1799.0999755859375,961300.0
2022-04-07,1812.0,1867.300048828125,1811.5999755859375,1864.5,1429400.0
2022-04-08,1883.800048828125,1966.199951171875,1883.800048828125,1965.4000244140625,1896900.0
2022-04-11,1986.9000244140625,2082.0,1986.9000244140625,2082.0,2850600.0
2022-04-12,2071.39990234375,2108.800048828125,2022.699951171875,2079.5,2321500.0
2022-04-13,2100.60009765625,2102.10009765625,2030.5,2046.9000244140625,1772700.0
2022-04-14,2066.39990234375,2090.300048828125,2054.60009765625,2085.60009765625,1825000.0
2022-04-15,2086.0,2119.0,2071.5,2112.800048828125,1274300.0
2022-04-18,2116.300048828125,2178.89990234375,2100.10009765625,2168.300048828125,2489900.0
2022-04-19,2182.5,2192.60009765625,2117.10009765625,2139.39990234375,2317200.0
2022-04-20,2143.800048828125,2166.800048828125,2124.89990234375,2153.800048828125,1492000.0
2022-04-21,2159.800048828125,2194.10009765625,2157.199951171875,2188.10009765625,1851200.0
2022-04-22,2182.0,2195.5,2100.89990234375,2108.300048828125,1860200.0
2022-04-25,2116.39990234375,2181.0,2116.39990234375,2168.60009765625,1665800.0
2022-04-26,2176.699951171875,2181.0,2113.199951171875,2120.0,1433600.0
2022-04-27,2125.199951171875,2139.699951171875,2102.10009765625,2128.0,1124700.0
2022-04-28,2138.0,2160.39990234375,2114.10009765625,2117.0,1681100.0
2022-04-29,2121.5,2129.5,2087.0,2105.199951171875,1063300.0
2022-05-05,2116.89990234375,2136.5,2093.199951171875,2093.199951171875,926400.0
2022-05-06,2088.0,2106.10009765625,2078.699951171875,2095.10009765625,958600.0
2022-05-09,2093.800048828125,2110.699951171875,2077.5,2105.60009765625,985600.0
2022-05-10,2111.300048828125,2115.0,2093.800048828125,2097.300048828125,779700.0
2022-05-11,2098.0,2099.60009765625,2041.199951171875,2061.800048828125,1041100.0
2022-05-12,2052.300048828125,2052.60009765625,1997.9000244140625,2023.9000244140625,1035900.0
2022-05-13,2035.199951171875,2037.0999755859375,2011.9000244140625,2018.800048828125,628300.0
2022-05-16,2019.0999755859375,2019.0999755859375,1963.800048828125,1966.5,857700.0
2022-05-17,1966.0,1969.9000244140625,1940.300048828125,1943.5,1087900.0
2022-05-18,1938.699951171875,2048.5,1932.699951171875,2012.0,1284100.0
2022-05-20,2006.4000244140625,2085.800048828125,1993.4000244140625,2027.0999755859375,1399800.0
2022-05-23,2041.199951171875,2058.39990234375,1996.5999755859375,2015.5999755859375,1540000.0
2022-05-24,2027.300048828125,2029.800048828125,1992.199951171875,2001.9000244140625,977000.0
2022-05-25,2004.9000244140625,2048.199951171875,1975.0,2034.0999755859375,1338900.0
2022-05-26,2032.800048828125,2052.39990234375,2020.0999755859375,2034.0,1079400.0
2022-05-27,2034.699951171875,2040.9000244140625,2006.300048828125,2007.199951171875,1216700.0
2022-05-30,2021.5999755859375,2079.800048828125,2021.5999755859375,2057.199951171875,1206300.0
2022-05-31,2061.60009765625,2107.39990234375,2058.5,2093.800048828125,1743400.0
2022-06-01,2099.0,2140.10009765625,2099.0,2118.89990234375,1292500.0
2022-06-02,2126.10009765625,2161.39990234375,2118.699951171875,2154.39990234375,1408000.0
2022-06-03,2160.5,2162.10009765625,2129.89990234375,2150.10009765625,1098000.0
2022-06-06,2162.5,2238.5,2162.5,2236.199951171875,1767800.0
2022-06-07,2230.699951171875,2234.199951171875,2184.10009765625,2201.800048828125,1085800.0
2022-06-08,2208.39990234375,2219.89990234375,2070.39990234375,2073.89990234375,1217000.0
2022-06-09,2075.60009765625,2098.89990234375,2050.10009765625,2093.800048828125,897300.0
2022-06-10,2081.89990234375,2185.300048828125,2062.300048828125,2133.5,1290000.0
2022-06-13,2129.89990234375,2176.39990234375,2119.699951171875,2137.199951171875,835300.0
2022-06-14,2153.39990234375,2157.699951171875,2086.0,2094.5,895300.0
2022-06-15,2094.199951171875,2124.5,2062.60009765625,2115.699951171875,1024700.0
2022-06-16,2119.39990234375,2125.60009765625,2043.300048828125,2071.699951171875,942000.0
2022-06-17,2070.39990234375,2179.5,2070.39990234375,2179.5,1045600.0
2022-06-20,2182.699951171875,2191.39990234375,2148.699951171875,2175.39990234375,721400.0
2022-06-21,2189.199951171875,2230.60009765625,2187.300048828125,2203.39990234375,897700.0
2022-06-22,2199.300048828125,2214.199951171875,2170.10009765625,2188.39990234375,846200.0
2022-06-23,2188.5,2201.300048828125,2119.0,2136.800048828125,940300.0
2022-06-24,2145.199951171875,2150.60009765625,2098.300048828125,2115.300048828125,741200.0
2022-06-27,2100.0,2100.0,2051.10009765625,2064.199951171875,742600.0
2022-06-28,2072.39990234375,2089.699951171875,2005.699951171875,2017.800048828125,950300.0
2022-06-29,2009.300048828125,2028.9000244140625,1939.699951171875,1939.699951171875,948300.0
2022-06-30,1926.0999755859375,1967.9000244140625,1923.199951171875,1942.4000244140625,868200.0
2022-07-01,1933.0,1996.0999755859375,1928.5999755859375,1976.199951171875,608200.0
2022-07-04,1990.4000244140625,2004.4000244140625,1918.300048828125,1922.0,556900.0
2022-07-05,1924.199951171875,1952.699951171875,1890.0,1894.0,763700.0
2022-07-06,1916.300048828125,1926.9000244140625,1891.9000244140625,1919.199951171875,654600.0
2022-07-07,1926.4000244140625,1973.0,1924.5999755859375,1959.699951171875,583300.0
2022-07-08,1957.0999755859375,1964.9000244140625,1947.5,1951.300048828125,169700.0
2022-07-13,1953.0,1955.5999755859375,1906.0999755859375,1931.5,562400.0
2022-07-14,1928.5,1947.9000244140625,1915.5999755859375,1933.699951171875,583700.0
2022-07-18,1952.0,2021.5,1952.0,2017.9000244140625,619700.0
2022-07-19,2010.5999755859375,2086.5,1997.199951171875,2080.699951171875,923100.0
2022-07-20,2089.199951171875,2102.199951171875,2068.10009765625,2092.199951171875,871800.0
2022-07-21,2093.60009765625,2127.300048828125,2082.60009765625,2098.39990234375,1113300.0
2022-07-22,2110.10009765625,2134.5,2106.199951171875,2120.39990234375,886500.0
2022-07-25,2123.699951171875,2210.5,2123.699951171875,2205.39990234375,1154500.0
2022-07-26,2217.699951171875,2233.300048828125,2151.89990234375,2165.39990234375,1504300.0
2022-07-27,2188.89990234375,2191.60009765625,2160.199951171875,2183.5,1175900.0
2022-07-28,2198.0,2204.39990234375,2129.300048828125,2133.199951171875,1243200.0
2022-07-29,2136.199951171875,2166.5,2123.0,2162.60009765625,1010600.0
2022-08-01,2166.800048828125,2217.800048828125,2166.800048828125,2215.60009765625,983200.0
2022-08-02,2217.699951171875,2232.300048828125,2199.199951171875,2204.300048828125,1222400.0
2022-08-03,2216.5,2262.5,2198.300048828125,2262.5,1467500.0
2022-08-04,2279.10009765625,2353.89990234375,2279.10009765625,2348.89990234375,1442800.0
2022-08-05,2359.800048828125,2501.699951171875,2348.800048828125,2445.10009765625,2458400.0
2022-08-08,2452.800048828125,2473.89990234375,2411.10009765625,2435.10009765625,1888300.0
2022-08-09,2417.39990234375,2437.60009765625,2384.39990234375,2419.89990234375,1661200.0
2022-08-10,2416.60009765625,2500.10009765625,2412.5,2491.89990234375,1794700.0
2022-08-11,2509.39990234375,2605.0,2509.39990234375,2578.89990234375,2044900.0
2022-08-12,2582.699951171875,2632.300048828125,2522.5,2539.10009765625,1845900.0
2022-08-15,2553.800048828125,2597.199951171875,2533.300048828125,2577.10009765625,1249700.0
2022-08-16,2586.0,2677.60009765625,2500.300048828125,2671.800048828125,2323200.0
2022-08-17,2696.300048828125,2886.39990234375,2676.699951171875,2881.300048828125,3115300.0
2022-08-18,2876.10009765625,2955.0,2760.800048828125,2867.699951171875,2896600.0
2022-08-19,2868.39990234375,2879.5,2795.300048828125,2805.800048828125,1606500.0
2022-08-22,2797.300048828125,2931.60009765625,2761.10009765625,2905.39990234375,1749200.0
2022-08-23,2914.199951171875,3158.300048828125,2913.89990234375,3131.199951171875,2661800.0
2022-08-24,3141.10009765625,3208.89990234375,3000.199951171875,3015.199951171875,2699900.0
2022-08-25,3032.0,3274.89990234375,3009.60009765625,3237.0,3296200.0
2022-08-26,3240.699951171875,3430.5,3210.10009765625,3265.300048828125,3854900.0
2022-08-29,3269.39990234375,3322.60009765625,3186.300048828125,3269.800048828125,2477100.0
2022-08-31,3279.199951171875,3364.60009765625,3209.89990234375,3282.60009765625,2650400.0
2022-09-01,3287.800048828125,3455.10009765625,3258.5,3363.300048828125,3440400.0
2022-09-02,3422.39990234375,3654.60009765625,3354.89990234375,3633.199951171875,3817000.0
2022-09-05,3690.0,3941.0,3664.10009765625,3908.5,3370200.0
2022-09-06,3940.5,4230.2001953125,3868.10009765625,4195.89990234375,4333000.0
2022-09-07,4211.7998046875,4316.7001953125,4045.60009765625,4113.10009765625,2988400.0
2022-09-08,4180.2001953125,4354.5,4050.699951171875,4252.39990234375,3667900.0
2022-09-09,4295.89990234375,4598.7998046875,4258.10009765625,4570.89990234375,2879200.0
2022-09-12,4676.2998046875,4909.89990234375,4653.2001953125,4844.39990234375,2961600.0
2022-09-13,4880.89990234375,5102.5,4482.2001953125,4482.2001953125,3877800.0
2022-09-14,4464.60009765625,4464.60009765625,4036.5,4061.5,1156700.0
2022-09-15,4043.699951171875,4182.39990234375,3659.60009765625,3660.60009765625,1762000.0
2022-09-16,3545.5,3564.89990234375,3348.199951171875,3485.39990234375,2805100.0
2022-09-19,3446.300048828125,3446.300048828125,3160.800048828125,3160.800048828125,1735600.0
2022-09-20,3190.800048828125,3277.699951171875,3069.10009765625,3256.300048828125,3081000.0
2022-09-21,3217.699951171875,3268.89990234375,3126.300048828125,3126.300048828125,2054100.0
2022-09-22,3115.300048828125,3218.199951171875,3090.0,3135.39990234375,1652700.0
2022-09-23,3116.39990234375,3152.300048828125,3025.5,3025.5,1036100.0
2022-09-26,3007.39990234375,3021.199951171875,2859.5,3021.199951171875,1648400.0
2022-09-27,3021.0,3225.300048828125,2999.800048828125,3085.300048828125,3748400.0
2022-09-28,3072.0,3149.39990234375,2983.5,2983.5,1774100.0
2022-09-29,3008.60009765625,3075.10009765625,2866.0,2952.39990234375,2193000.0
2022-09-30,2956.10009765625,3011.800048828125,2925.300048828125,2964.699951171875,1158700.0
2022-10-03,2974.39990234375,3255.199951171875,2969.699951171875,3253.800048828125,1928800.0
2022-10-04,3364.199951171875,3440.699951171875,3249.0,3251.699951171875,2818400.0
2022-10-05,3276.199951171875,3292.300048828125,3155.10009765625,3214.199951171875,1617300.0
2022-10-06,3263.199951171875,3326.0,3250.5,3317.39990234375,1501300.0
2022-10-07,3318.0,3338.60009765625,3262.0,3303.89990234375,1050500.0
2022-10-10,3307.10009765625,3340.60009765625,3257.5,3266.800048828125,1044900.0
2022-10-11,3276.199951171875,3368.10009765625,3262.60009765625,3334.39990234375,1533800.0
2022-10-12,3335.39990234375,3366.199951171875,3283.5,3299.60009765625,1222100.0
2022-10-13,3303.199951171875,3345.0,3268.89990234375,3310.60009765625,1077600.0
2022-10-14,3375.800048828125,3445.10009765625,3375.800048828125,3437.60009765625,1359700.0
2022-10-17,3451.60009765625,3778.5,3451.60009765625,3778.39990234375,2066600.0
2022-10-18,3867.800048828125,4022.60009765625,3727.699951171875,3771.199951171875,2854500.0
2022-10-19,3784.199951171875,3994.0,3739.300048828125,3967.39990234375,3022300.0
2022-10-20,3961.699951171875,4078.800048828125,3910.0,3950.0,3333600.0
2022-10-21,3952.10009765625,3990.0,3912.0,3912.300048828125,1948800.0
2022-10-24,3925.60009765625,3999.5,3852.39990234375,3868.300048828125,1429900.0
2022-10-25,3876.699951171875,4006.60009765625,3876.699951171875,3916.60009765625,2692200.0
2022-10-26,3932.10009765625,3988.89990234375,3898.199951171875,3925.89990234375,1613600.0
2022-10-27,3919.300048828125,3946.10009765625,3808.39990234375,3818.60009765625,1868400.0
2022-10-28,3817.0,3833.60009765625,3680.0,3688.0,764100.0
2022-10-31,3697.39990234375,3761.60009765625,3579.199951171875,3733.60009765625,1647700.0
2022-11-01,3745.5,3863.800048828125,3699.89990234375,3731.0,1594400.0
2022-11-02,3733.699951171875,3765.5,3667.199951171875,3670.10009765625,1687100.0
2022-11-03,3667.89990234375,3705.800048828125,3581.800048828125,3597.699951171875,1360200.0
2022-11-04,3608.800048828125,3749.5,3592.39990234375,3721.60009765625,1740300.0
2022-11-07,3738.699951171875,3898.800048828125,3738.699951171875,3846.300048828125,2046400.0
2022-11-08,3850.89990234375,3926.0,3782.199951171875,3817.0,1889700.0
2022-11-09,3819.699951171875,3891.39990234375,3756.10009765625,3772.199951171875,1807500.0
2022-11-10,3788.89990234375,3944.199951171875,3788.89990234375,3916.300048828125,1749900.0
2022-11-11,4023.10009765625,4034.89990234375,3805.10009765625,3831.800048828125,1694900.0
2022-11-14,3837.10009765625,3893.199951171875,3811.10009765625,3884.89990234375,1839300.0
2022-11-15,3923.800048828125,4128.7998046875,3840.0,4128.7998046875,3225000.0
2022-11-16,4147.7998046875,4449.60009765625,4082.199951171875,4250.10009765625,3950400.0
2022-11-17,4276.7998046875,4301.10009765625,3972.800048828125,3972.800048828125,2663400.0
2022-11-18,4008.300048828125,4200.0,4008.300048828125,4147.2001953125,2278400.0
2022-11-21,4182.7001953125,4242.2998046875,4080.0,4242.2998046875,2053000.0
2022-11-22,4293.2998046875,4383.2001953125,4211.5,4342.7998046875,2371000.0
2022-11-23,4349.89990234375,4574.10009765625,4306.2001953125,4530.10009765625,3179900.0
2022-11-24,4557.5,4618.10009765625,4417.2998046875,4449.10009765625,2887100.0
2022-11-25,4410.7001953125,4442.5,4343.5,4347.60009765625,2115800.0
2022-11-28,4375.60009765625,4561.7998046875,4366.0,4480.89990234375,2698600.0
2022-11-29,4509.5,4549.0,4405.7998046875,4478.60009765625,2177200.0
2022-11-30,4486.5,4553.2001953125,4461.2998046875,4461.2998046875,2164500.0
2022-12-01,4533.39990234375,4543.7001953125,4443.7001953125,4513.7001953125,2136700.0
2022-12-02,4512.2001953125,4526.39990234375,4327.2001953125,4361.5,1536200.0
2022-12-05,4387.7001953125,4401.2998046875,4252.10009765625,4253.89990234375,1708000.0
2022-12-06,4263.5,4356.89990234375,4250.2998046875,4271.5,1786300.0
2022-12-07,4283.5,4338.7001953125,4091.10009765625,4130.7998046875,1751700.0
2022-12-08,4140.7998046875,4246.2001953125,4051.5,4239.0,1714400.0
2022-12-09,4239.39990234375,4394.10009765625,4218.2998046875,4385.2001953125,1390600.0
2022-12-12,4394.89990234375,4660.2998046875,4339.89990234375,4561.7998046875,3144900.0
2022-12-13,4573.10009765625,4664.7998046875,4510.2001953125,4572.0,2367200.0
2022-12-14,4593.2001953125,4792.60009765625,4450.10009765625,4521.0,3649100.0
2022-12-15,4666.39990234375,4879.2998046875,4635.5,4851.10009765625,3053600.0
2022-12-16,4894.39990234375,5085.0,4894.39990234375,4949.60009765625,3108500.0
2022-12-19,5037.2998046875,5438.2001953125,5037.2998046875,5435.89990234375,3618300.0
2022-12-20,5431.89990234375,5431.89990234375,5081.89990234375,5184.39990234375,3925800.0
2022-12-21,5232.7998046875,5448.2998046875,5089.2001953125,5112.5,2444200.0
2022-12-22,5169.0,5254.2998046875,5047.60009765625,5113.0,1789200.0
2022-12-23,5118.2998046875,5197.2998046875,5037.39990234375,5110.7998046875,1439600.0
2022-12-27,5140.7998046875,5199.10009765625,5051.5,5066.0,1483200.0
2022-12-28,5061.60009765625,5076.60009765625,4841.7001953125,4925.2001953125,1372700.0
2022-12-29,4928.89990234375,5116.60009765625,4928.89990234375,5078.10009765625,1168700.0
2022-12-30,5117.2001953125,5171.5,5025.0,5027.7001953125,1233300.0
2023-01-02,5077.2998046875,5196.7001953125,5057.89990234375,5141.60009765625,1330500.0
2023-01-03,5171.5,5180.60009765625,5010.89990234375,5018.5,1248000.0
2023-01-04,5043.2998046875,5123.7001953125,4926.89990234375,4992.60009765625,1397500.0
2023-01-05,5030.0,5058.2001953125,4533.2001953125,4533.2001953125,1318500.0
2023-01-06,4547.7001953125,4824.60009765625,4376.39990234375,4726.0,1680400.0
2023-01-09,4789.39990234375,4797.2001953125,4441.5,4511.5,1428500.0
2023-01-10,4530.0,4591.39990234375,4299.0,4313.39990234375,1343600.0
2023-01-11,4324.7998046875,4401.0,4019.0,4019.0,1412100.0
2023-01-12,4132.89990234375,4197.10009765625,3841.300048828125,4174.60009765625,1606800.0
2023-01-13,4137.2998046875,4258.60009765625,4090.800048828125,4162.89990234375,1212000.0
2023-01-16,4225.89990234375,4386.39990234375,4225.89990234375,4384.39990234375,1314400.0
2023-01-17,4399.7001953125,4515.7998046875,4338.60009765625,4429.10009765625,1704500.0
2023-01-18,4439.7998046875,4542.2998046875,4342.7001953125,4410.39990234375,1736000.0
2023-01-19,4397.60009765625,4529.60009765625,4384.60009765625,4450.7998046875,1395000.0
2023-01-20,4471.2998046875,4721.89990234375,4459.7001953125,4700.7001953125,2102600.0
2023-01-23,4789.7001953125,4961.2001953125,4611.2001953125,4680.7998046875,1809200.0
2023-01-24,4687.5,4745.10009765625,4538.7998046875,4606.10009765625,1643400.0
2023-01-25,4643.2998046875,4670.2998046875,4311.5,4460.0,1400500.0
2023-01-26,4460.89990234375,4462.7998046875,4304.5,4304.5,1353100.0
2023-01-27,4263.0,4281.7001953125,4042.300048828125,4183.0,1382500.0
2023-01-30,4183.7998046875,4312.0,4165.7998046875,4190.89990234375,1187100.0
2023-01-31,4180.60009765625,4314.10009765625,4117.39990234375,4196.2001953125,1428800.0
2023-02-01,4230.10009765625,4260.89990234375,3866.699951171875,3866.699951171875,1251400.0
2023-02-02,3874.60009765625,3974.0,3613.39990234375,3785.300048828125,1885300.0
2023-02-03,3804.89990234375,4120.0,3793.39990234375,4109.60009765625,1665200.0
2023-02-06,4000.5,4088.39990234375,3885.60009765625,4020.10009765625,281700.0
2023-02-07,4019.699951171875,4019.699951171875,3639.300048828125,3686.89990234375,682000.0
2023-02-08,3464.5,3686.89990234375,3464.5,3686.89990234375,0.0
2023-02-15,3927.5,4054.10009765625,3900.5,4054.0,505800.0
2023-02-16,4382.39990234375,4383.10009765625,4096.2001953125,4128.2998046875,1162500.0
2023-02-17,4074.800048828125,4211.39990234375,4058.60009765625,4115.0,689300.0
2023-02-20,4140.7001953125,4211.89990234375,4090.5,4124.89990234375,640000.0
2023-02-21,4110.7001953125,4172.5,4043.60009765625,4066.699951171875,749200.0
2023-02-22,4065.10009765625,4172.0,4049.300048828125,4111.5,781100.0
2023-02-23,4120.7998046875,4246.5,4076.5,4128.39990234375,991800.0
2023-02-24,4126.2001953125,4160.7998046875,4048.0,4057.0,882900.0
2023-02-27,4105.89990234375,4381.5,4043.89990234375,4349.60009765625,1199300.0
2023-02-28,4369.7998046875,4452.7998046875,4266.60009765625,4349.10009765625,1057300.0
2023-03-01,4361.7998046875,4462.7001953125,4337.60009765625,4400.10009765625,957100.0
2023-03-02,4408.0,4520.10009765625,4404.89990234375,4445.5,964800.0
2023-03-03,4428.10009765625,4453.2001953125,4253.2001953125,4381.2998046875,1154500.0
2023-03-06,4426.5,4759.2001953125,4410.10009765625,4741.2001953125,1872700.0
2023-03-07,4812.89990234375,4963.0,4723.7998046875,4723.7998046875,1891100.0
2023-03-08,4717.2001953125,5133.39990234375,4698.7998046875,5094.0,2040200.0
2023-03-09,5084.5,5242.89990234375,4894.39990234375,5072.2001953125,2276300.0
2023-03-10,5024.60009765625,5262.5,5018.89990234375,5092.10009765625,1704200.0
2023-03-13,5107.60009765625,5126.2001953125,4839.2998046875,4870.2001953125,1306400.0
2023-03-14,4880.89990234375,5020.2998046875,4852.39990234375,4854.2001953125,1300900.0
2023-03-15,4874.7998046875,4904.39990234375,4767.7998046875,4881.0,1459900.0
2023-03-16,4908.10009765625,5004.10009765625,4862.39990234375,4939.39990234375,932100.0
2023-03-17,4993.7998046875,5034.89990234375,4844.39990234375,4844.39990234375,1106700.0
2023-03-20,4751.2001953125,4825.5,4664.2001953125,4706.2001953125,990400.0
2023-03-21,4715.2001953125,4755.60009765625,4581.7001953125,4601.2001953125,1069000.0
2023-03-22,4632.10009765625,4702.39990234375,4574.39990234375,4680.39990234375,805600.0
2023-03-23,4666.89990234375,4787.7001953125,4655.10009765625,4787.7001953125,661500.0
2023-03-24,4797.89990234375,4824.2998046875,4692.2001953125,4692.2001953125,674600.0
2023-03-27,4732.5,4777.2001953125,4671.10009765625,4681.7998046875,520000.0
2023-03-28,4675.7998046875,4711.2998046875,4515.60009765625,4515.60009765625,701600.0
2023-03-29,4507.89990234375,4692.7001953125,4501.10009765625,4687.7001953125,774100.0
2023-03-30,4536.39990234375,4650.7001953125,4510.2001953125,4541.2001953125,1247800.0
2023-03-31,4493.39990234375,4553.5,4427.10009765625,4488.2001953125,1266000.0
2023-04-03,4468.2001953125,4468.2001953125,4292.7001953125,4436.89990234375,1050600.0
2023-04-04,4439.39990234375,4509.39990234375,4408.7001953125,4504.7001953125,714300.0
2023-04-05,4510.2998046875,4538.89990234375,4403.0,4403.0,655300.0
2023-04-06,4410.2998046875,4450.39990234375,4355.10009765625,4368.7001953125,463800.0
2023-04-07,4369.10009765625,4418.2998046875,4347.2001953125,4363.39990234375,439200.0
2023-04-10,4383.7001953125,4491.5,4383.7001953125,4464.2998046875,559900.0
2023-04-11,4478.89990234375,4569.2001953125,4459.60009765625,4562.39990234375,891500.0
2023-04-12,4572.2001953125,4720.60009765625,4551.60009765625,4668.2998046875,1029300.0
2023-04-13,4682.5,4736.7001953125,4592.60009765625,4592.60009765625,798100.0
2023-04-14,4583.7001953125,4640.7998046875,4511.0,4519.39990234375,616800.0
2023-04-17,4533.2001953125,4595.39990234375,4509.7001953125,4524.60009765625,598500.0
2023-04-18,4532.7998046875,4612.89990234375,4529.7001953125,4546.39990234375,492100.0
2023-04-19,4558.5,4825.5,4478.7001953125,4710.0,852900.0
2023-04-20,4601.60009765625,4669.89990234375,4529.60009765625,4537.60009765625,616300.0
2023-04-24,4555.7998046875,4595.7001953125,4496.10009765625,4504.7001953125,552700.0
2023-04-25,4511.39990234375,4525.60009765625,4366.60009765625,4379.2998046875,551200.0
2023-04-26,4360.0,4421.5,4283.7001953125,4303.0,565000.0
2023-04-27,4309.0,4389.5,4286.7001953125,4350.7001953125,618900.0
2023-04-28,4357.2001953125,4368.0,4128.39990234375,4159.39990234375,492400.0
2023-05-02,4166.2998046875,4246.10009765625,4086.0,4101.2998046875,527600.0
2023-05-03,4138.5,4173.89990234375,3983.60009765625,4067.0,602700.0
2023-05-04,4046.5,4143.89990234375,4010.39990234375,4057.800048828125,449000.0
2023-05-05,4058.800048828125,4113.89990234375,3970.39990234375,3990.5,405200.0
2023-05-08,4027.39990234375,4350.39990234375,3984.39990234375,4324.39990234375,876100.0
2023-05-09,4310.89990234375,4605.5,4292.2998046875,4428.7001953125,1401500.0
2023-05-10,4429.2001953125,4598.0,4423.0,4497.7001953125,1076900.0
2023-05-11,4507.2998046875,4941.60009765625,4507.2998046875,4940.89990234375,1617500.0
2023-05-12,5117.89990234375,5233.60009765625,4980.39990234375,5034.60009765625,1845700.0
2023-05-15,4554.39990234375,4596.60009765625,4550.0,4552.0,369800.0
2023-05-16,4187.39990234375,4275.10009765625,4155.5,4189.2001953125,2102000.0
2023-05-17,4228.7001953125,4283.2001953125,4106.5,4143.60009765625,1210200.0
2023-05-18,4148.5,4188.39990234375,3989.10009765625,3992.699951171875,919300.0
2023-05-22,4039.199951171875,4046.60009765625,3846.199951171875,3859.10009765625,778100.0
2023-05-23,3868.10009765625,3949.60009765625,3853.800048828125,3866.800048828125,644300.0
2023-05-24,3878.300048828125,3938.89990234375,3790.89990234375,3792.0,602900.0
2023-05-25,3808.60009765625,3910.300048828125,3794.699951171875,3898.89990234375,708600.0
2023-05-26,3914.89990234375,4018.699951171875,3871.0,3964.300048828125,855900.0
2023-05-29,4019.10009765625,4137.39990234375,3905.199951171875,4048.800048828125,1081000.0
2023-05-30,4199.7001953125,4437.5,4198.7001953125,4419.60009765625,2141100.0
2023-05-31,4399.7001953125,4488.60009765625,4270.60009765625,4277.7998046875,1707100.0
2023-06-01,4329.2998046875,4460.89990234375,4329.2998046875,4388.2001953125,1039500.0
2023-06-02,4677.39990234375,4752.5,4596.2001953125,4697.10009765625,1871400.0
2023-06-05,4864.7001953125,4875.39990234375,4690.2998046875,4846.39990234375,1566300.0
2023-06-06,4816.10009765625,4875.5,4748.7998046875,4824.2001953125,1159200.0
2023-06-07,4888.39990234375,5050.7998046875,4800.39990234375,4939.60009765625,2042500.0
2023-06-08,4930.60009765625,5102.5,4924.10009765625,5025.2998046875,1458500.0
2023-06-09,5077.0,5092.2998046875,4948.39990234375,4990.89990234375,1066500.0
2023-06-12,5016.2998046875,5054.2998046875,4851.89990234375,4851.89990234375,903200.0
2023-06-13,4861.2998046875,4931.7001953125,4757.10009765625,4811.7001953125,1134500.0
2023-06-14,4836.10009765625,5065.89990234375,4802.10009765625,4906.5,1671900.0
2023-06-15,4980.0,5137.5,4957.10009765625,5137.5,1195100.0
2023-06-16,5144.60009765625,5193.2998046875,5029.39990234375,5042.2001953125,1221400.0
2023-06-19,5048.89990234375,5048.89990234375,4867.60009765625,4867.60009765625,1094000.0
2023-06-20,4864.7998046875,5048.2001953125,4838.7001953125,4983.0,1259600.0
2023-06-21,5033.7001953125,5075.2998046875,4924.89990234375,4972.60009765625,907400.0
2023-06-22,4980.89990234375,5056.89990234375,4844.5,4989.7001953125,1742800.0
2023-06-23,5059.89990234375,5247.0,5059.89990234375,5152.7998046875,1383600.0
2023-06-26,5352.5,5374.39990234375,5280.2001953125,5296.5,934400.0
2023-06-27,5270.5,5300.89990234375,5240.39990234375,5250.89990234375,323200.0
2023-07-03,5310.2998046875,5382.7001953125,5290.2001953125,5358.10009765625,1092200.0
2023-07-04,5410.39990234375,5559.89990234375,5406.39990234375,5473.7998046875,2137100.0
2023-07-05,5489.39990234375,5494.2001953125,5277.10009765625,5420.5,1251800.0
2023-07-06,5446.89990234375,5496.0,5324.7001953125,5324.7001953125,1090200.0
2023-07-07,5318.10009765625,5406.60009765625,5283.39990234375,5306.2998046875,683600.0
2023-07-10,5380.2998046875,5386.2998046875,5327.2001953125,5356.2998046875,910700.0
2023-07-11,5476.7001953125,5689.2001953125,5366.0,5626.89990234375,2128400.0
2023-07-12,5616.39990234375,5916.89990234375,5599.2998046875,5792.60009765625,2416400.0
2023-07-13,5830.60009765625,6039.5,5822.60009765625,5992.39990234375,2096700.0
2023-07-14,6061.2001953125,6121.0,5874.89990234375,5935.5,1092300.0
2023-07-17,5973.89990234375,6100.5,5850.2001953125,5990.2998046875,1195400.0
2023-07-18,6013.39990234375,6108.60009765625,5612.0,5612.0,1192500.0
2023-07-19,5618.39990234375,5852.0,5594.2001953125,5852.0,1049300.0
2023-07-20,5913.39990234375,5967.39990234375,5749.7998046875,5868.10009765625,1786500.0
2023-07-21,5839.2001953125,5897.0,5713.10009765625,5723.10009765625,996700.0
2023-07-24,5742.7998046875,5801.89990234375,5657.5,5755.0,860500.0
2023-07-25,5793.7998046875,5936.10009765625,5771.7998046875,5877.39990234375,1277600.0
2023-07-26,5791.2998046875,5822.2001953125,5653.7001953125,5799.7001953125,1350900.0
2023-07-27,5857.39990234375,6035.5,5811.10009765625,6035.5,1494100.0
2023-07-28,6241.7998046875,6510.7001953125,6213.39990234375,6412.39990234375,2260100.0
2023-07-31,6472.2998046875,6584.89990234375,6366.89990234375,6440.10009765625,1888700.0
2023-08-01,6416.39990234375,6482.39990234375,6337.5,6347.2001953125,1726700.0
2023-08-02,6349.7998046875,6649.2001953125,6270.39990234375,6547.2998046875,1912700.0
2023-08-03,6552.60009765625,6661.60009765625,6400.2001953125,6402.5,1278400.0
2023-08-04,6437.10009765625,6634.0,6392.0,6616.0,1215500.0
2023-08-07,6667.60009765625,6682.7001953125,6547.89990234375,6642.10009765625,966700.0
2023-08-08,6669.10009765625,6814.89990234375,6603.7001953125,6683.89990234375,1431900.0
2023-08-09,6694.2001953125,7309.7001953125,6668.7998046875,7265.2998046875,2559200.0
2023-08-10,7343.7998046875,7790.0,7109.7001953125,7176.7001953125,3747500.0
2023-08-11,7183.10009765625,7322.5,6980.60009765625,7228.39990234375,1954600.0
2023-08-14,7301.60009765625,7508.89990234375,7128.39990234375,7178.7998046875,1593900.0
2023-08-15,7204.39990234375,7471.7001953125,6994.7998046875,7301.0,1856400.0
2023-08-16,7285.2001953125,7354.39990234375,7155.2998046875,7176.5,1344100.0
2023-08-17,7182.2998046875,7342.7001953125,7182.2001953125,7276.39990234375,1302900.0
2023-08-18,7297.2998046875,7361.7998046875,6798.2001953125,6940.7998046875,1656600.0
2023-08-21,6648.60009765625,7062.0,6565.0,6949.89990234375,1794600.0
2023-08-22,7009.7001953125,7041.10009765625,6674.39990234375,6769.7001953125,1302300.0
2023-08-23,6784.89990234375,6989.89990234375,6733.39990234375,6825.10009765625,1413900.0
2023-08-24,6872.39990234375,7485.39990234375,6872.39990234375,7402.7001953125,3873400.0
2023-08-25,7502.2998046875,7541.60009765625,7171.0,7362.39990234375,1718200.0
2023-08-28,7549.60009765625,7723.5,7519.60009765625,7524.7001953125,1820900.0
2023-08-29,7528.2998046875,7835.10009765625,7523.0,7657.60009765625,1852500.0
2023-08-31,7720.89990234375,7827.7998046875,7379.10009765625,7379.10009765625,1105100.0
2023-09-01,7429.7998046875,7534.7001953125,7368.5,7496.7998046875,1006500.0
2023-09-04,7591.10009765625,7879.89990234375,7515.60009765625,7735.89990234375,1536800.0
2023-09-05,7736.7001953125,8070.7001953125,7682.7998046875,8039.7001953125,1815900.0
2023-09-06,8117.0,8264.400390625,7936.2998046875,8107.39990234375,1730400.0
2023-09-07,8148.89990234375,8345.7998046875,8085.89990234375,8278.099609375,1427800.0
2023-09-08,8317.900390625,8437.2001953125,8230.7998046875,8280.599609375,1239800.0
2023-09-11,8357.5,8371.5,7788.60009765625,7824.2001953125,1425400.0
2023-09-12,7839.2998046875,7885.89990234375,7658.89990234375,7679.2998046875,1408900.0
2023-09-13,7692.10009765625,7860.2998046875,7547.10009765625,7582.7998046875,1401100.0
2023-09-14,7551.89990234375,7628.5,7348.7998046875,7576.10009765625,1245400.0
2023-09-15,7597.2001953125,7822.0,7541.10009765625,7560.5,1421400.0
2023-09-18,7530.60009765625,7670.0,7490.89990234375,7531.7001953125,1119100.0
2023-09-19,7565.2001953125,7657.5,7431.60009765625,7597.7001953125,889000.0
2023-09-20,7634.39990234375,7931.60009765625,7586.7001953125,7761.2998046875,1269900.0
2023-09-21,7799.0,8025.7998046875,7691.7998046875,8018.7001953125,1645500.0
2023-09-22,8031.2998046875,8211.599609375,7961.7998046875,8099.0,1212800.0
2023-09-25,8145.2998046875,8366.099609375,8122.2001953125,8305.400390625,1240800.0
2023-09-26,8338.400390625,8485.599609375,8243.2001953125,8267.599609375,1636500.0
2023-09-27,8294.2998046875,8448.2001953125,8240.900390625,8331.900390625,1241000.0
2023-09-28,8364.2998046875,8506.400390625,8350.2001953125,8409.2001953125,1309900.0
2023-09-29,8489.5,8822.400390625,8489.5,8656.7998046875,1353000.0
2023-10-02,8676.2001953125,8975.400390625,8637.400390625,8847.2001953125,1520400.0
2023-10-03,8889.099609375,8943.7998046875,8586.900390625,8672.2001953125,937800.0
2023-10-04,8686.400390625,8782.2001953125,8536.7001953125,8536.7001953125,1223900.0
2023-10-05,8604.400390625,8872.0,8364.0,8816.7001953125,1496600.0
2023-10-06,8737.599609375,8895.900390625,8684.2998046875,8700.599609375,1214000.0
2023-10-09,8519.2998046875,8675.099609375,8424.7998046875,8424.7998046875,1000300.0
2023-10-10,8586.2001953125,8736.7001953125,8514.900390625,8699.7001953125,1128000.0
2023-10-11,8847.900390625,8979.400390625,8714.2998046875,8762.900390625,1122200.0
2023-10-12,8876.2998046875,8992.2998046875,8480.0,8655.2001953125,1136400.0
2023-10-13,8628.099609375,8647.099609375,8318.599609375,8359.7998046875,716100.0
2023-10-16,8512.400390625,8518.2001953125,8216.2001953125,8254.099609375,699800.0
2023-10-17,8276.599609375,8441.099609375,8213.7001953125,8441.099609375,706500.0
2023-10-18,8275.7998046875,8360.0,8057.89990234375,8111.60009765625,638300.0
2023-10-19,8111.39990234375,8315.599609375,8015.2001953125,8103.10009765625,781200.0
2023-10-20,8003.89990234375,8071.0,7701.60009765625,7750.0,652500.0
2023-10-23,7891.10009765625,7994.2998046875,7750.89990234375,7962.10009765625,782500.0
2023-10-24,8048.60009765625,8518.7998046875,8019.7001953125,8374.900390625,1126400.0
2023-10-25,8417.599609375,8443.099609375,7798.10009765625,7798.10009765625,848800.0
2023-10-26,7906.2001953125,8072.2001953125,7650.5,7981.2998046875,1288700.0
2023-10-27,8011.39990234375,8144.7001953125,7863.89990234375,8053.7001953125,790800.0
2023-10-30,8004.7001953125,8092.2998046875,7860.0,7895.39990234375,591100.0
2023-10-31,7933.0,7968.0,7668.7001953125,7686.10009765625,570900.0
2023-11-01,7747.10009765625,7768.60009765625,7350.5,7651.7001953125,619800.0
2023-11-02,7682.10009765625,7834.10009765625,7628.39990234375,7752.0,634500.0
2023-11-03,7776.7998046875,7831.39990234375,7679.5,7817.7998046875,643000.0
2023-11-06,7935.10009765625,8098.39990234375,7935.10009765625,8063.89990234375,504100.0
2023-11-07,8048.89990234375,8089.39990234375,7912.2001953125,7972.7001953125,476200.0
2023-11-08,8030.89990234375,8049.10009765625,7744.10009765625,7790.39990234375,610300.0
2023-11-09,7705.2998046875,7813.2998046875,7657.7998046875,7676.7998046875,732400.0
2023-11-10,7676.2001953125,7732.7001953125,7597.7001953125,7610.10009765625,600700.0
2023-11-13,7578.60009765625,7581.10009765625,7363.0,7363.0,742900.0
2023-11-14,7380.60009765625,7467.89990234375,7246.5,7456.5,755500.0
2023-11-15,7500.2998046875,7577.89990234375,7417.7001953125,7484.7001953125,616800.0
2023-11-16,7510.39990234375,7727.60009765625,7510.39990234375,7703.0,592000.0
2023-11-17,7684.5,7770.89990234375,7661.89990234375,7728.5,581600.0
2023-11-20,7799.7998046875,7873.2001953125,7752.7998046875,7809.10009765625,624500.0
2023-11-21,7860.5,7931.2001953125,7777.2001953125,7927.2001953125,755700.0
2023-11-22,7921.2001953125,7973.2001953125,7847.7001953125,7914.39990234375,743700.0
2023-11-23,7927.60009765625,8196.2998046875,7926.10009765625,7993.7001953125,1235100.0
2023-11-24,7998.2998046875,8153.2001953125,7877.39990234375,8086.2001953125,767400.0
2023-11-27,8311.7001953125,8605.2001953125,8246.900390625,8568.7001953125,1149200.0
2023-11-28,8542.400390625,8607.2998046875,8454.099609375,8492.400390625,801700.0
2023-11-29,8489.0,8526.2001953125,8403.2998046875,8457.2998046875,660900.0
2023-11-30,8438.400390625,8565.400390625,8336.7998046875,8358.099609375,688400.0
2023-12-01,8605.400390625,8741.099609375,8538.2998046875,8625.2001953125,757900.0
2023-12-04,8639.7998046875,8867.0,8557.099609375,8862.2998046875,676300.0
2023-12-05,8846.7998046875,8916.400390625,8800.900390625,8856.400390625,632500.0
2023-12-06,8853.0,9174.0,8850.900390625,8896.400390625,1037700.0
2023-12-07,8868.0,8884.7998046875,8511.900390625,8749.2998046875,704500.0
2023-12-08,8780.7998046875,8831.900390625,8566.5,8623.599609375,601300.0
2023-12-11,8626.2001953125,8702.2998046875,8500.7998046875,8540.2001953125,640700.0
2023-12-12,8536.0,8964.5,8523.400390625,8883.7998046875,884400.0
2023-12-13,8854.0,9144.0,8800.400390625,8801.2001953125,947600.0
2023-12-14,8973.099609375,9351.099609375,8916.0,9273.7998046875,970100.0
2023-12-15,9297.0,9606.7998046875,9276.2998046875,9403.5,896700.0
2023-12-18,9359.2001953125,9593.900390625,9313.2998046875,9406.2001953125,869400.0
2023-12-19,9408.2998046875,9451.2001953125,9019.900390625,9179.7998046875,703700.0
2023-12-20,9180.2001953125,9335.7001953125,9124.0,9326.7998046875,627000.0
2023-12-21,9348.599609375,9517.5,9195.599609375,9248.599609375,746000.0
2023-12-22,9283.2001953125,9341.2998046875,9120.099609375,9158.599609375,566600.0
2023-12-26,8869.599609375,8872.599609375,8531.7001953125,8696.7001953125,565100.0
2023-12-27,8661.5,8672.5,8367.5,8467.0,622100.0
2023-12-28,8493.7001953125,8634.0,8483.599609375,8516.7998046875,454600.0
2023-12-29,8524.7001953125,8774.5,8520.2001953125,8717.2001953125,1235400.0
2024-01-02,8829.599609375,8894.0,8682.0,8768.0,767100.0
2024-01-03,8750.5,8785.7998046875,8489.2998046875,8489.2998046875,591700.0
2024-01-04,8498.0,8727.5,8392.599609375,8711.5,816400.0
2024-01-05,8720.599609375,8790.7001953125,8644.599609375,8789.900390625,619100.0
2024-01-08,8930.7998046875,9589.0,8930.7998046875,9573.099609375,1256700.0
2024-01-09,9685.400390625,9892.599609375,9477.7998046875,9580.2001953125,1344200.0
2024-01-10,9569.900390625,9862.2001953125,9525.099609375,9816.900390625,968000.0
2024-01-11,9871.7998046875,9977.099609375,9764.099609375,9851.400390625,924400.0
2024-01-12,9754.2998046875,10275.2001953125,9577.900390625,10038.7001953125,1589500.0
2024-01-15,10007.2001953125,10022.900390625,9856.5,9890.0,754300.0
2024-01-16,9916.400390625,10021.599609375,9655.2998046875,9720.7998046875,746400.0
2024-01-17,9677.599609375,9886.900390625,9665.0,9761.599609375,726000.0
2024-01-18,9969.5,10007.7998046875,9674.0,9674.0,795900.0
2024-01-19,9723.900390625,9753.7998046875,9547.2998046875,9648.099609375,633900.0
2024-01-22,9592.599609375,9616.599609375,9431.900390625,9537.5,514300.0
2024-01-23,9656.900390625,9692.7998046875,9074.099609375,9122.400390625,867000.0
2024-01-24,9168.0,9656.2001953125,9127.2001953125,9543.400390625,912000.0
2024-01-25,9590.5,9737.900390625,9422.2001953125,9504.7998046875,723800.0
2024-01-26,9534.2998046875,9651.2998046875,9451.400390625,9599.7001953125,732100.0
2024-01-29,9646.599609375,9661.7001953125,9440.2001953125,9491.0,592900.0
2024-01-30,9569.2998046875,9653.099609375,9479.7998046875,9559.2001953125,667200.0
2024-01-31,9565.900390625,9657.5,9453.099609375,9564.5,642900.0
2024-02-01,9570.599609375,9765.7998046875,9570.2001953125,9702.900390625,693500.0
2024-02-02,9711.400390625,9836.599609375,9545.5,9591.400390625,700100.0
2024-02-05,9779.099609375,9879.2001953125,9669.5,9751.7001953125,733300.0
2024-02-06,9782.099609375,9871.7001953125,9707.099609375,9865.900390625,740900.0
2024-02-07,9892.099609375,9942.0,9710.2998046875,9745.2001953125,650000.0
2024-02-08,9753.7998046875,9858.599609375,9747.5,9756.900390625,559300.0
2024-02-09,9781.2001953125,9903.400390625,9645.7001953125,9809.7998046875,870500.0
2024-02-12,9904.0,10113.400390625,9847.2001953125,10113.400390625,936600.0
2024-02-13,10152.2998046875,10293.7001953125,10016.0,10016.0,1103300.0
2024-02-14,10009.900390625,10171.0,9872.099609375,10150.900390625,881200.0
2024-02-15,10169.900390625,10386.400390625,10151.900390625,10272.7001953125,1002300.0
2024-02-16,10297.099609375,10334.2998046875,10185.0,10228.2001953125,761000.0
2024-02-20,10221.400390625,10546.7998046875,10187.5,10492.0,856200.0
2024-02-21,10518.0,10670.2001953125,10424.900390625,10540.099609375,904000.0
2024-02-22,10597.400390625,10690.2001953125,10289.7998046875,10395.099609375,1130200.0
2024-02-23,10361.2998046875,10509.7001953125,10256.7998046875,10464.2001953125,871900.0
2024-02-26,10475.7998046875,10480.900390625,10164.7998046875,10230.7001953125,750400.0
2024-02-27,10245.900390625,10304.7998046875,10120.5,10128.0,824800.0
2024-02-28,10138.0,10175.400390625,9912.2998046875,9920.2998046875,684900.0
2024-02-29,9938.0,10097.7998046875,9932.7001953125,10054.099609375,798500.0
2024-03-01,10069.0,10087.7998046875,9784.5,9784.599609375,548500.0
2024-03-04,9825.099609375,9886.7001953125,9463.099609375,9463.099609375,557900.0
2024-03-05,9476.900390625,9636.2998046875,9348.7998046875,9388.7001953125,654600.0
2024-03-06,9321.7998046875,9433.900390625,9162.900390625,9211.5,571600.0
2024-03-07,9260.7998046875,9711.7001953125,9260.7998046875,9711.7001953125,681600.0
2024-03-08,9729.400390625,10052.7001953125,9652.099609375,10008.2998046875,903600.0
2024-03-11,10478.599609375,10482.7001953125,10041.7001953125,10041.7001953125,905000.0
2024-03-12,10042.099609375,10397.400390625,9993.2001953125,10235.7001953125,844100.0
2024-03-13,10248.900390625,10256.099609375,9732.5,9836.2998046875,921900.0
2024-03-14,9873.2001953125,9919.599609375,9583.900390625,9629.7001953125,554700.0
2024-03-15,9638.2998046875,9698.2001953125,9487.7998046875,9536.099609375,420200.0
2024-03-18,9550.2001953125,9757.2998046875,9516.7998046875,9599.5,524200.0
2024-03-19,9598.599609375,10085.099609375,9574.0,10069.7998046875,735100.0
2024-03-20,10042.0,10328.099609375,9960.099609375,10158.5,895800.0
2024-03-21,10252.7998046875,10863.400390625,10215.7001953125,10665.400390625,1612700.0
2024-03-22,10673.099609375,10902.7001953125,10612.599609375,10763.7998046875,906100.0
2024-03-25,10755.400390625,11393.599609375,10646.5,10920.400390625,1468800.0
2024-03-26,10810.400390625,10975.900390625,10579.599609375,10636.7001953125,912700.0
2024-03-27,10682.099609375,10764.5,10496.2998046875,10572.2998046875,760200.0
2024-03-28,10634.599609375,11124.2998046875,10634.599609375,11021.900390625,876000.0
2024-03-29,11025.2001953125,11150.7001953125,10920.5,10979.7998046875,715300.0
2024-04-01,11169.0,11352.7998046875,10815.2001953125,11208.0,1116700.0
2024-04-02,11230.2001953125,11664.2998046875,11191.7001953125,11384.2001953125,1306900.0
2024-04-03,11276.0,11372.900390625,11070.5,11276.7001953125,871800.0
2024-04-04,11323.599609375,11973.400390625,11240.099609375,11924.7998046875,1584200.0
2024-04-05,12333.2998046875,12589.900390625,11968.0,12457.2998046875,1605400.0
2024-04-08,12498.7001953125,12723.099609375,12450.099609375,12562.0,1131800.0
2024-04-09,12597.2001953125,12961.2998046875,12580.0,12743.900390625,515500.0
2024-04-15,12686.5,13045.900390625,12669.0,12816.599609375,915200.0
2024-04-16,12810.2001953125,12890.5,12234.099609375,12234.099609375,790600.0
2024-04-17,12366.7001953125,12692.7001953125,12360.7998046875,12372.099609375,883900.0
2024-04-18,12464.2998046875,12728.2998046875,12445.7998046875,12611.2998046875,670800.0
2024-04-19,12529.599609375,13251.7001953125,12411.5,13251.7001953125,1052400.0
2024-04-22,13393.900390625,13442.5,12809.5,12816.900390625,927300.0
2024-04-24,12946.400390625,13237.2001953125,12946.400390625,13172.2001953125,1374500.0
2024-04-25,13210.2998046875,13252.2998046875,12674.900390625,12725.2998046875,901900.0
2024-04-26,12796.5,13313.0,12796.5,13155.099609375,1235000.0
2024-04-29,13253.900390625,13451.7001953125,13198.2001953125,13404.900390625,857400.0
2024-04-30,13397.900390625,13708.7998046875,13348.900390625,13409.0,988000.0
2024-05-02,13446.7998046875,13530.7001953125,13122.2001953125,13137.7001953125,412700.0
2024-05-03,13324.0,13468.7998046875,13234.7998046875,13397.7998046875,861500.0
2024-05-06,13404.900390625,13541.2998046875,13253.599609375,13356.2001953125,871400.0
2024-05-07,13380.5,13791.7998046875,13249.7998046875,13661.099609375,1221500.0
2024-05-08,13687.2001953125,13772.2001953125,13362.5,13449.5,823900.0
2024-05-09,13547.400390625,13694.900390625,13478.400390625,13533.599609375,851800.0
2024-05-10,13577.2998046875,13733.7998046875,13275.7001953125,13275.7001953125,1080200.0
2024-05-13,13331.599609375,13348.099609375,13008.400390625,13028.099609375,822100.0
2024-05-14,13287.5,13434.5,13096.599609375,13349.599609375,1027300.0
2024-05-15,13323.400390625,13538.2001953125,13090.099609375,13356.5,793400.0
2024-05-16,13377.5,13716.7001953125,13326.099609375,13716.7001953125,1036000.0
2024-05-17,13753.5,14412.7998046875,13700.2998046875,14377.7001953125,1152800.0
2024-05-20,14380.5,14835.400390625,14327.400390625,14706.2998046875,1079800.0
2024-05-21,14736.900390625,16078.5,14736.900390625,15595.7998046875,2638900.0
2024-05-22,15635.599609375,15869.0,15172.2001953125,15399.099609375,1348900.0
2024-05-23,15394.7001953125,15697.2998046875,15134.2998046875,15141.5,974100.0
2024-05-24,15164.400390625,15321.2998046875,14993.2998046875,15068.7998046875,735700.0
2024-05-27,15112.900390625,15299.099609375,14868.7998046875,15172.2001953125,707100.0
2024-05-28,15209.900390625,15509.599609375,15128.599609375,15456.2998046875,788500.0
2024-05-29,15482.5,15512.7001953125,14964.900390625,14964.900390625,663900.0
2024-05-30,15016.5,15254.7998046875,14897.2998046875,15045.7998046875,825900.0
2024-05-31,15076.2001953125,15678.099609375,14792.599609375,15062.400390625,1312900.0
2024-06-03,15100.099609375,15331.2998046875,14732.099609375,15309.900390625,1010100.0
2024-06-04,15311.0,15444.0,14684.400390625,14689.7001953125,830400.0
2024-06-05,14790.599609375,14924.2001953125,14499.5,14645.900390625,877100.0
2024-06-06,14714.7001953125,14865.099609375,14506.400390625,14564.099609375,569600.0
2024-06-07,14619.7001953125,14647.599609375,14085.2001953125,14156.400390625,571900.0
2024-06-10,14127.400390625,14294.2001953125,13909.0,14104.2998046875,517900.0
2024-06-11,14073.400390625,14674.400390625,14059.2001953125,14549.099609375,748800.0
2024-06-12,14546.099609375,14872.7001953125,14467.2001953125,14731.5,581300.0
2024-06-13,14928.2998046875,15095.7998046875,14792.5,14793.900390625,608500.0
2024-06-14,15069.7998046875,15193.099609375,14684.0,14738.0,657200.0
2024-06-20,14964.0,15271.7998046875,14826.0,15271.7998046875,712000.0
2024-06-21,15273.7998046875,15669.5,15235.7001953125,15551.7001953125,875800.0
2024-06-24,15563.599609375,15755.599609375,15437.2998046875,15706.7001953125,743300.0
2024-06-25,15738.7998046875,15839.900390625,15323.400390625,15323.400390625,767700.0
2024-06-26,15328.5,15407.7998046875,15126.400390625,15128.599609375,616600.0
2024-06-27,15217.7001953125,15680.7001953125,15202.2001953125,15637.099609375,706700.0
2024-06-28,15746.0,15889.7998046875,15057.7001953125,15129.599609375,928900.0
2024-07-01,15249.400390625,15276.2998046875,14464.599609375,14636.900390625,727800.0
2024-07-02,14668.5,14865.5,14530.599609375,14865.5,648900.0
2024-07-03,14948.7001953125,15545.0,14893.599609375,15527.900390625,791300.0
2024-07-04,15567.2998046875,15840.2001953125,15340.0,15688.400390625,710600.0
2024-07-05,15707.099609375,15832.900390625,15354.099609375,15553.7998046875,693800.0
2024-07-08,15617.5,15841.400390625,15536.2001953125,15681.7001953125,683000.0
2024-07-09,15713.900390625,15721.7001953125,15145.5,15184.900390625,747000.0
2024-07-10,15206.5,15215.0,14821.400390625,15004.599609375,655000.0
2024-07-11,15196.599609375,15697.2001953125,15194.2001953125,15691.400390625,830600.0
2024-07-12,15657.2001953125,15979.5,15579.2998046875,15828.099609375,861900.0
2024-07-16,15918.0,16271.099609375,15871.2001953125,16158.400390625,787400.0
2024-07-17,16165.099609375,16165.099609375,15829.2001953125,16045.099609375,614600.0
2024-07-18,16164.099609375,16310.0,15922.400390625,16023.5,689800.0
2024-07-19,15971.7001953125,16282.400390625,15923.7001953125,16148.7001953125,645400.0
2024-07-22,16044.5,16180.5,15834.5,15920.900390625,698300.0
2024-07-23,15929.7998046875,15929.7998046875,15360.7001953125,15614.599609375,758200.0
2024-07-24,15591.599609375,15633.0,15365.7998046875,15371.0,672200.0
2024-07-25,15318.2001953125,15436.099609375,14948.099609375,15004.0,591600.0
2024-07-26,15040.7001953125,15196.7001953125,14955.400390625,15066.7001953125,638900.0
2024-07-29,14891.5,15214.900390625,14877.099609375,14942.5,522900.0
2024-07-30,14965.7998046875,15077.7001953125,14540.5,14552.7998046875,623900.0
2024-07-31,14517.099609375,14719.2001953125,14456.2998046875,14593.900390625,673800.0
2024-08-01,14824.5,15313.0,14814.7998046875,15105.400390625,744000.0
2024-08-02,14854.5,14949.2998046875,14453.7998046875,14508.5,533600.0
2024-08-05,13377.7001953125,14009.0,13241.7001953125,13699.0,855900.0
2024-08-06,14079.900390625,14111.599609375,13454.2001953125,13456.400390625,733800.0
2024-08-07,13587.2998046875,13749.900390625,13309.5,13441.2001953125,599100.0
2024-08-08,13453.2001953125,13589.900390625,13331.900390625,13402.400390625,665300.0
2024-08-09,13506.0,13607.599609375,12807.400390625,12808.599609375,780100.0
2024-08-12,12919.7998046875,13148.900390625,12826.7001953125,12947.7998046875,631300.0
2024-08-13,12951.2998046875,13303.7998046875,12831.2001953125,13303.7998046875,700400.0
2024-08-14,13380.099609375,13419.2001953125,13145.900390625,13193.400390625,595600.0
2024-08-15,13301.099609375,13589.599609375,13194.0,13562.099609375,636800.0
2024-08-16,13629.5,13658.400390625,13261.2001953125,13261.2001953125,707100.0
2024-08-19,13309.599609375,13821.0,13225.599609375,13791.7001953125,791000.0
2024-08-20,13732.900390625,13968.599609375,13683.2998046875,13816.2998046875,690400.0
2024-08-21,13789.400390625,14067.0,13705.2001953125,13737.2998046875,646100.0
2024-08-22,13839.7998046875,14083.2001953125,13712.2998046875,13932.099609375,775100.0
2024-08-23,13920.900390625,13985.400390625,13420.2998046875,13528.400390625,561800.0
2024-08-26,13654.2998046875,13909.900390625,13405.900390625,13628.599609375,764300.0
2024-08-27,13633.7001953125,13842.400390625,13505.0,13819.400390625,797300.0
2024-08-28,13832.099609375,13877.2998046875,13612.099609375,13686.5,626800.0
2024-08-29,13662.7998046875,13902.2001953125,13469.0,13716.900390625,678700.0
2024-09-02,13795.400390625,14364.099609375,13791.7998046875,14354.900390625,892700.0
2024-09-03,14359.0,14465.2001953125,14110.7001953125,14215.599609375,831300.0
2024-09-04,14057.900390625,14297.0,14054.2001953125,14287.7998046875,745200.0
2024-09-05,14401.7001953125,14414.2001953125,14091.2001953125,14154.099609375,837700.0
2024-09-06,14168.2001953125,14254.0,13726.900390625,13788.599609375,795400.0
2024-09-09,13822.099609375,13851.2001953125,13463.2001953125,13482.599609375,615800.0
2024-09-10,13542.599609375,13574.2001953125,13116.7998046875,13248.7001953125,651800.0
2024-09-11,13205.7998046875,13484.2998046875,13047.5,13058.7001953125,778100.0
2024-09-12,13247.900390625,13382.2001953125,12834.7998046875,13353.099609375,863900.0
2024-09-13,13352.2001953125,13403.2998046875,13089.400390625,13357.099609375,841300.0
2024-09-16,13345.7998046875,13401.2998046875,13158.0,13229.400390625,600600.0
2024-09-17,13280.2998046875,13544.400390625,13260.900390625,13483.599609375,578000.0
2024-09-18,13480.7998046875,13713.7001953125,13459.900390625,13625.099609375,653800.0
2024-09-19,13814.400390625,14122.0,13787.7001953125,14044.599609375,840700.0
2024-09-20,14049.7001953125,14105.7001953125,13914.2001953125,13991.099609375,737500.0
2024-09-23,14128.099609375,14272.2998046875,14051.599609375,14137.0,679600.0
2024-09-24,14170.099609375,14853.599609375,14101.0,14678.7998046875,1161200.0
2024-09-25,14679.2998046875,14907.2001953125,14595.900390625,14727.900390625,814200.0
2024-09-26,14859.2998046875,15071.2998046875,14561.099609375,14624.7001953125,959000.0
2024-09-27,14678.7998046875,14678.7998046875,14352.7998046875,14564.099609375,553800.0
2024-09-30,14501.599609375,14571.900390625,14274.0,14399.7001953125,703500.0
2024-10-01,14448.2998046875,14551.599609375,13651.400390625,13739.900390625,1025300.0
2024-10-02,13703.400390625,13744.5,12836.099609375,12836.099609375,912100.0
2024-10-03,12885.099609375,13040.0,12341.5,12469.2001953125,1013400.0
2024-10-04,12585.7001953125,13014.0,12283.599609375,12999.7001953125,980900.0
2024-10-07,13022.900390625,13166.0,12871.900390625,12959.2998046875,715700.0
2024-10-08,12944.099609375,13261.2001953125,12848.5,13040.2001953125,895800.0
2024-10-09,13033.7998046875,13206.599609375,12700.7001953125,13206.599609375,848100.0
2024-10-10,13214.7998046875,13296.7998046875,12918.7998046875,12955.900390625,778300.0
2024-10-11,12982.2001953125,13250.0,12852.2998046875,12918.2998046875,857600.0
2024-10-14,12938.099609375,13090.5,12628.2998046875,12679.7001953125,751600.0
2024-10-15,12709.5,12945.7001953125,12528.2001953125,12909.7001953125,1088500.0
2024-10-16,12851.5,12986.2998046875,12647.099609375,12956.7998046875,698400.0
2024-10-17,12922.7001953125,13023.400390625,12750.2998046875,12780.0,835900.0
2024-10-18,12798.2998046875,12869.400390625,12149.5,12181.599609375,915200.0
2024-10-21,12201.2998046875,12260.900390625,11790.599609375,11806.599609375,732500.0
2024-10-22,11839.2001953125,12293.7001953125,11768.5,12091.400390625,966200.0
2024-10-23,12087.599609375,12134.7001953125,11811.7998046875,11946.0,1010900.0
2024-10-24,12052.900390625,12226.0,12009.099609375,12091.599609375,529800.0
2024-10-25,12014.7998046875,12207.2998046875,11980.2001953125,12140.5,625100.0
2024-10-28,12147.900390625,12195.099609375,12088.400390625,12113.900390625,170600.0
2024-10-30,12133.2001953125,12314.2001953125,12076.599609375,12247.0,606900.0
2024-10-31,12249.0,12339.900390625,12032.900390625,12055.7998046875,479500.0
2024-11-01,12108.2998046875,12328.099609375,11914.2001953125,11988.7998046875,787900.0
2024-11-04,11948.7998046875,11972.7998046875,11353.7998046875,11410.2998046875,709000.0
2024-11-05,11499.400390625,11513.2998046875,11198.5,11232.2998046875,718600.0
2024-11-06,11272.2001953125,11605.900390625,11190.900390625,11474.099609375,1019300.0
2024-11-07,11502.900390625,11707.0,11476.900390625,11691.2001953125,758000.0
2024-11-08,11695.7998046875,12392.7998046875,11649.5,12298.900390625,1219600.0
2024-11-11,12375.900390625,12759.400390625,12325.400390625,12637.2001953125,1200600.0
2024-11-12,12587.900390625,12793.400390625,12544.599609375,12675.5,905300.0
2024-11-13,12603.599609375,13294.7001953125,12426.099609375,13003.7998046875,1447500.0
2024-11-14,13099.5,13187.0,12999.7001953125,13148.0,1053600.0
2024-11-15,13171.2998046875,13395.7998046875,13064.400390625,13081.7001953125,963600.0
2024-11-18,13141.2998046875,13290.0,13003.400390625,13176.099609375,846600.0
2024-11-19,13237.2001953125,13253.099609375,12737.0,12843.7001953125,905200.0
2024-11-20,12907.099609375,13058.900390625,12605.400390625,12622.2001953125,914500.0
2024-11-21,12723.5,13525.400390625,12723.5,13477.5,1480200.0
2024-11-22,13467.5,14096.0,13409.5,14067.2998046875,1563300.0
2024-11-25,14214.599609375,14364.900390625,13899.7001953125,13955.099609375,1013700.0
2024-11-26,13962.7998046875,14102.099609375,13807.2998046875,13974.7998046875,1017000.0
2024-11-27,14165.900390625,14236.099609375,13931.7998046875,14023.5,1339900.0
2024-11-28,14026.599609375,14206.599609375,13977.0,14142.599609375,898500.0
2024-11-29,14171.0,14377.0,13996.599609375,14119.5,1237000.0
2024-12-02,13984.7001953125,14133.7001953125,13835.7001953125,14077.400390625,708400.0
2024-12-03,14172.2001953125,14710.2998046875,13981.2001953125,14496.599609375,1344100.0
2024-12-04,14537.900390625,14608.7998046875,14359.900390625,14441.0,767900.0
2024-12-05,14487.900390625,14600.5,14387.7998046875,14537.0,680900.0
2024-12-06,15032.5,15073.599609375,14865.2001953125,14946.2998046875,1461700.0
2024-12-09,15033.099609375,15193.5,14835.2998046875,15193.5,929100.0
2024-12-10,15181.2998046875,15248.2998046875,14758.599609375,14789.400390625,810600.0
2024-12-11,14807.5,14856.7998046875,14275.599609375,14559.400390625,982000.0
2024-12-12,14612.900390625,14773.099609375,14452.0,14562.099609375,961100.0
2024-12-13,14433.7001953125,14554.2001953125,14345.7001953125,14535.5,1307500.0
2024-12-16,14575.7001953125,14624.599609375,14323.400390625,14323.400390625,730100.0
2024-12-17,14356.7001953125,14509.7001953125,14186.2001953125,14390.400390625,916000.0
2024-12-18,14388.7001953125,14612.7001953125,14333.0,14333.0,821300.0
2024-12-19,14192.7001953125,14317.400390625,13998.2998046875,14028.5,687900.0
2024-12-20,14151.2998046875,14151.2998046875,13878.7998046875,13954.0,789200.0
2024-12-23,14035.2001953125,14121.5,13670.2001953125,13736.2001953125,651000.0
2024-12-24,13740.099609375,13917.400390625,13695.099609375,13899.2001953125,614700.0
2024-12-26,14900.599609375,15202.400390625,14675.5,14758.099609375,1264400.0
2024-12-27,14763.5,14892.2001953125,14687.7998046875,14847.2998046875,648100.0
2024-12-30,14856.0,14936.400390625,14645.2998046875,14645.2998046875,465400.0
2024-12-31,14647.099609375,14841.099609375,14540.7001953125,14554.7998046875,666200.0
2025-01-02,14662.400390625,15056.2998046875,14633.900390625,14998.400390625,1180700.0
2025-01-03,15056.7998046875,15199.0,14883.2001953125,15076.2001953125,1097200.0
2025-01-06,15116.5,15252.0,15066.7001953125,15126.7001953125,916200.0
2025-01-07,15096.0,15161.900390625,14815.7998046875,14815.7998046875,872400.0
2025-01-08,14788.2998046875,14875.0,14621.599609375,14672.099609375,902800.0
2025-01-09,14755.599609375,15119.900390625,14648.5,15109.2998046875,1229600.0
2025-01-10,15120.7998046875,15149.2998046875,14702.400390625,14865.599609375,1212200.0
2025-01-13,14831.2001953125,15026.2001953125,14498.900390625,14575.2998046875,1157400.0
2025-01-14,14672.0,14865.7001953125,14492.599609375,14624.099609375,1080300.0
2025-01-15,14643.400390625,14805.5,14513.2001953125,14625.599609375,1039900.0
2025-01-16,14844.2998046875,14888.2998046875,14512.7998046875,14818.0,1418200.0
2025-01-17,14840.2001953125,15201.900390625,14828.7001953125,15179.2001953125,1236100.0
2025-01-20,15323.5,15370.7001953125,14999.5,15367.599609375,1026800.0
2025-01-21,15337.7998046875,15680.7001953125,15329.099609375,15588.400390625,1350300.0
2025-01-22,15635.900390625,15880.599609375,15591.2998046875,15866.099609375,1010000.0
2025-01-23,15930.0,15943.2001953125,15494.099609375,15557.400390625,1133600.0
2025-01-24,15576.400390625,15609.7998046875,15305.900390625,15345.2001953125,695900.0
2025-01-27,15134.5,15372.7998046875,15076.7001953125,15304.2998046875,731600.0
2025-01-28,15421.2001953125,15587.900390625,15328.099609375,15569.099609375,939500.0
2025-01-29,15603.7998046875,15626.400390625,15382.7998046875,15394.0,734600.0
2025-01-30,15427.2001953125,15475.599609375,15213.7001953125,15244.7998046875,645900.0
2025-01-31,15288.900390625,15408.5,14934.2998046875,14936.7998046875,837500.0
2025-02-03,14739.099609375,14769.900390625,14203.7001953125,14498.2001953125,1300000.0
2025-02-04,14584.599609375,15005.400390625,14500.7001953125,14820.599609375,1065600.0
2025-02-05,14831.2998046875,14918.7001953125,14397.5,14591.7998046875,1033000.0
2025-02-06,14716.7001953125,14731.2001953125,14455.5,14655.7998046875,911300.0
2025-02-07,14629.7998046875,14629.7998046875,14305.2998046875,14523.900390625,993500.0
2025-02-10,14532.099609375,14560.900390625,14376.2001953125,14403.7001953125,704600.0
2025-02-11,14398.599609375,14557.0,14383.7001953125,14462.2998046875,809900.0
2025-02-12,14480.0,14578.2001953125,14259.599609375,14331.400390625,1009600.0
2025-02-13,14490.5,14710.7001953125,14412.0,14594.0,1262800.0
2025-02-14,14638.2001953125,14805.7998046875,14490.7998046875,14704.099609375,1038300.0
2025-02-17,14724.599609375,14782.900390625,14566.099609375,14667.900390625,736900.0
2025-02-18,14673.7998046875,14790.7001953125,14471.7001953125,14695.599609375,954800.0
2025-02-19,14703.2998046875,14870.0,14532.099609375,14574.7998046875,1146800.0
2025-02-20,14627.7001953125,14963.5,14627.7001953125,14869.2001953125,1068500.0
2025-02-21,14872.099609375,14945.099609375,14396.900390625,14610.2001953125,943100.0
2025-02-24,14781.5,14820.7998046875,14498.599609375,14561.2998046875,647800.0
2025-02-25,14578.2001953125,14814.2001953125,14534.2998046875,14732.0,906000.0
2025-02-26,14747.0,15175.7998046875,14593.2998046875,15103.2001953125,987900.0
2025-02-27,15048.5,15373.7998046875,15022.099609375,15202.900390625,1050500.0
2025-02-28,15150.0,15362.0,15072.5,15153.400390625,869300.0
2025-03-03,15368.2998046875,16448.099609375,15367.400390625,16125.0,1875600.0
2025-03-04,16124.5,16361.400390625,15954.400390625,16053.099609375,892900.0
2025-03-05,16273.2998046875,16397.900390625,15879.599609375,16222.599609375,1209500.0
2025-03-06,16348.0,16373.2001953125,15942.099609375,16281.599609375,1121600.0
2025-03-07,16273.2001953125,16481.30078125,16223.2998046875,16454.099609375,1107500.0
2025-03-10,16464.099609375,16592.900390625,16358.2998046875,16428.30078125,798400.0
2025-03-11,16475.400390625,16482.400390625,16034.099609375,16065.099609375,819700.0
2025-03-12,16141.400390625,16662.5,16141.400390625,16521.599609375,1510700.0
2025-03-13,16566.900390625,16755.099609375,16521.80078125,16673.69921875,895000.0
2025-03-14,16698.69921875,16930.099609375,16617.900390625,16828.599609375,1092400.0
2025-03-17,16864.19921875,17131.69921875,16638.19921875,16800.900390625,957200.0
2025-03-18,16728.30078125,16788.30078125,16476.80078125,16520.900390625,679800.0
2025-03-19,15361.7998046875,15598.5,14885.7998046875,14888.599609375,1209900.0
2025-03-20,14639.0,14919.7998046875,13531.099609375,13671.0,2864000.0
2025-03-21,13545.7001953125,13618.2001953125,12342.2001953125,12375.7998046875,1620200.0
2025-03-24,12652.5,12914.2998046875,11907.900390625,12586.7001953125,2605900.0
2025-03-25,12983.599609375,13476.400390625,12676.400390625,13255.0,2044200.0
2025-03-26,13010.400390625,13229.5,12718.7998046875,12959.900390625,1411600.0
2025-03-27,13134.900390625,13198.400390625,12724.5,12859.099609375,1296700.0
2025-03-28,12755.7998046875,12783.900390625,12372.5,12626.400390625,1037300.0
2025-04-02,12558.7001953125,12780.5,12425.7998046875,12674.2001953125,891800.0
2025-04-03,12735.2001953125,12921.5,12529.2998046875,12534.2998046875,808100.0
2025-04-04,12532.099609375,12605.900390625,12286.2001953125,12409.7001953125,984000.0
2025-04-07,11961.2001953125,12522.400390625,11902.5,12412.099609375,1447900.0
2025-04-08,12660.2001953125,12665.5,12318.2001953125,12397.599609375,1033500.0
2025-04-09,12266.599609375,12358.0,11924.400390625,11924.400390625,1008400.0
2025-04-10,12430.900390625,12435.7001953125,11864.400390625,11864.400390625,807200.0
2025-04-11,11868.5,12032.400390625,11609.400390625,12023.900390625,1075700.0
2025-04-14,12158.7001953125,12224.7001953125,12015.400390625,12015.400390625,679800.0
2025-04-15,12029.7001953125,12224.900390625,11986.5,11992.0,884000.0
2025-04-16,11959.5,12075.400390625,11793.900390625,11912.7998046875,877100.0
2025-04-17,11950.0,12142.099609375,11874.2998046875,11907.5,1341300.0
2025-04-18,11954.0,11967.2998046875,11524.599609375,11559.900390625,798000.0
2025-04-21,11574.2001953125,12088.7998046875,11378.599609375,11694.0,1575600.0
2025-04-22,11796.599609375,11808.400390625,11654.7001953125,11706.2001953125,739200.0
2025-04-24,11745.5,12205.7001953125,11711.900390625,12201.5,1052600.0
2025-04-25,12227.7001953125,12241.599609375,11866.599609375,11866.599609375,733400.0
2025-04-28,11935.400390625,11979.7998046875,11475.599609375,11481.0,1047400.0
2025-04-29,11483.2001953125,11584.900390625,11377.5,11449.7001953125,788300.0
2025-04-30,11470.900390625,11509.599609375,11272.099609375,11452.099609375,1056000.0
2025-05-02,11531.2001953125,11676.900390625,11489.400390625,11588.599609375,716900.0
2025-05-05,11708.5,11733.099609375,11383.0,11383.0,598800.0
2025-05-06,11389.7001953125,11739.7001953125,11386.2998046875,11520.2001953125,921800.0
2025-05-07,11534.2001953125,11615.7001953125,11454.599609375,11519.5,904000.0
2025-05-08,11596.2001953125,11720.7998046875,11518.599609375,11669.5,859800.0
2025-05-09,11693.2001953125,11804.2998046875,11440.599609375,11717.400390625,1278100.0
2025-05-12,12039.2998046875,12276.0,11944.2001953125,12234.599609375,1520800.0
2025-05-13,12185.0,12472.5,12093.400390625,12387.900390625,1444700.0
2025-05-14,12343.400390625,12612.400390625,12280.400390625,12438.0,1317200.0
2025-05-15,12460.5,12527.7998046875,12116.0,12150.2001953125,923300.0
2025-05-16,12165.0,12564.2998046875,12108.2001953125,12524.900390625,1274400.0
2025-05-20,12519.099609375,12759.0,12479.400390625,12620.099609375,1241400.0
2025-05-21,12573.599609375,12719.7998046875,12478.5,12509.2998046875,868100.0
2025-05-22,12592.599609375,12844.5,12570.5,12687.599609375,1267200.0
2025-05-23,12671.400390625,12825.400390625,12400.7001953125,12437.099609375,940600.0
2025-05-26,12561.7998046875,12563.5,12187.2001953125,12411.2001953125,774700.0
2025-05-27,12407.7001953125,12522.599609375,12172.400390625,12215.7998046875,749200.0
2025-05-28,12222.400390625,12336.900390625,12162.5,12292.2998046875,639600.0
2025-05-29,12400.0,12507.400390625,12374.7998046875,12421.2998046875,779100.0
2025-05-30,12407.2998046875,12440.2998046875,12051.7001953125,12076.7998046875,752600.0
2025-06-02,12088.7001953125,12324.5,12044.7998046875,12257.5,826400.0
2025-06-03,12453.900390625,13070.0,12450.099609375,12958.400390625,1357000.0
2025-06-04,12930.0,13083.900390625,12919.2001953125,13082.7998046875,709600.0
2025-06-05,13013.900390625,13080.2998046875,13000.2998046875,13055.599609375,243000.0
2025-06-10,13223.2001953125,13792.2001953125,13162.599609375,13714.400390625,1141100.0
2025-06-11,13699.599609375,13832.2001953125,13635.599609375,13689.2001953125,755400.0
2025-06-12,13499.599609375,13698.099609375,13386.099609375,13402.099609375,732000.0
2025-06-13,12763.5,13292.0,12637.099609375,13292.0,1026900.0
2025-06-16,13345.900390625,13558.099609375,13200.2998046875,13414.7001953125,908700.0
2025-06-17,13419.0,13503.5,13171.7001953125,13171.7001953125,660900.0
2025-06-18,13141.7998046875,13317.900390625,12976.900390625,13132.7998046875,661300.0
2025-06-19,13270.599609375,13352.599609375,12836.2998046875,12887.0,849200.0
2025-06-20,13056.099609375,13226.400390625,12974.400390625,13048.099609375,670500.0
2025-06-23,12885.7001953125,13214.7998046875,12861.400390625,13124.7998046875,666000.0
2025-06-24,13742.599609375,13804.7001953125,13440.599609375,13686.599609375,1113400.0
2025-06-25,13722.599609375,13737.400390625,13573.5,13708.2998046875,696400.0
2025-06-26,13659.400390625,13858.599609375,13649.400390625,13663.5,802400.0
2025-06-27,13678.599609375,14156.2001953125,13561.900390625,14017.400390625,1131500.0
2025-06-30,14195.099609375,15371.099609375,14151.7998046875,15368.7998046875,2206900.0
2025-07-01,15420.5,15716.099609375,15346.2001953125,15540.599609375,1530900.0
2025-07-02,15569.5,15959.900390625,15497.7998046875,15775.2998046875,1470800.0
2025-07-03,16088.7998046875,16315.5,15533.900390625,15664.2998046875,1447700.0
2025-07-04,15677.2001953125,15842.599609375,15533.0,15821.2998046875,787400.0
2025-07-07,15556.0,15829.5,15524.7001953125,15561.2998046875,953500.0
2025-07-08,15697.7001953125,15760.5,15379.2998046875,15637.099609375,1013600.0
2025-07-09,15617.7001953125,16051.900390625,15505.5,16037.7001953125,1148600.0
2025-07-10,16270.7001953125,16468.30078125,16244.2001953125,16376.2998046875,1112000.0
2025-07-11,16530.0,16625.900390625,16151.7998046875,16354.5,939200.0
2025-07-14,16315.900390625,16315.900390625,15770.7001953125,15779.7001953125,773600.0
2025-07-16,15693.7001953125,15822.2001953125,15116.5,15375.2001953125,1018000.0
2025-07-17,15543.7001953125,16034.599609375,15461.7001953125,16024.2998046875,1111000.0
2025-07-18,16038.400390625,16081.099609375,15850.2998046875,15888.5,613400.0
2025-07-21,15974.0,16277.5,15974.0,16194.7998046875,877200.0
2025-07-22,16206.7998046875,16272.0,15908.7001953125,15956.2001953125,857800.0
2025-07-23,15994.5,16026.2998046875,15768.5,15891.5,729300.0
2025-07-24,15981.7001953125,16392.80078125,15859.7001953125,16068.7998046875,1402900.0
2025-07-25,16071.400390625,16108.900390625,15916.0,15999.400390625,614800.0
2025-07-28,16084.7001953125,16103.2001953125,15696.0,15709.2001953125,592000.0
2025-07-29,15721.599609375,15908.7001953125,15718.7001953125,15769.7998046875,638300.0
2025-07-30,15745.2998046875,16028.2998046875,15706.599609375,15975.7998046875,819600.0
2025-07-31,16064.2998046875,16232.2998046875,15981.0,16099.7998046875,775000.0
2025-08-01,16073.0,16102.599609375,15907.0,16064.900390625,645900.0
2025-08-04,16185.7001953125,16704.0,16185.7001953125,16333.900390625,1041200.0
2025-08-05,16357.7998046875,16390.400390625,16187.5,16308.2998046875,704600.0
2025-08-06,16302.099609375,16330.900390625,16055.400390625,16168.099609375,763200.0
2025-08-07,16237.099609375,16624.69921875,16224.2001953125,16372.2998046875,865000.0
2025-08-08,16376.0,16427.69921875,16177.400390625,16184.900390625,538700.0
2025-08-11,16319.2001953125,16366.5,16173.7001953125,16175.7998046875,531800.0
2025-08-12,16177.2998046875,16276.2001953125,16080.400390625,16082.7998046875,608500.0
2025-08-13,16105.599609375,16307.900390625,16084.599609375,16126.7998046875,543800.0
2025-08-14,16095.0,16199.7001953125,15829.2001953125,15829.2001953125,594200.0
2025-08-15,15827.2001953125,15935.400390625,15788.400390625,15849.7001953125,582600.0
2025-08-18,15871.2998046875,15903.7998046875,15634.099609375,15723.900390625,571500.0
2025-08-19,15779.7001953125,15942.599609375,15653.7998046875,15740.0,869600.0
2025-08-20,15727.5,16164.400390625,15693.400390625,16062.7998046875,1038300.0
2025-08-21,16217.400390625,16428.0,16126.599609375,16396.80078125,1237200.0
2025-08-22,16460.30078125,16625.400390625,16273.2998046875,16609.19921875,966200.0
2025-08-25,16803.900390625,16860.69921875,16479.400390625,16486.30078125,825700.0
2025-08-26,16448.69921875,16720.599609375,16366.099609375,16658.80078125,1035900.0
2025-08-27,16660.400390625,16660.400390625,16317.0,16331.0,622300.0
2025-08-28,16343.7998046875,16594.80078125,16343.7998046875,16416.599609375,699300.0
2025-08-29,16437.5,16544.80078125,16159.5,16216.7001953125,969800.0
2025-09-01,16238.7998046875,16523.900390625,16155.7998046875,16330.7001953125,959100.0
2025-09-02,16392.400390625,16627.900390625,15003.5,15553.2001953125,2342000.0
2025-09-03,15578.400390625,15578.400390625,14527.0,14561.7998046875,1644100.0
2025-09-04,14640.2001953125,15057.900390625,14541.400390625,14942.2998046875,1487100.0
2025-09-05,15053.7001953125,15535.2998046875,14771.7001953125,15013.2998046875,1630500.0
2025-09-08,14714.5,14976.2001953125,14581.900390625,14775.0,756600.0
2025-09-09,14865.900390625,15114.7001953125,14667.2998046875,15035.599609375,1068800.0
2025-09-10,15152.2998046875,15372.2998046875,14984.599609375,15343.2001953125,919700.0
2025-09-11,15345.599609375,15848.400390625,14894.099609375,14899.2998046875,2122000.0
2025-09-12,14927.0,15106.099609375,14681.5,15048.2001953125,992500.0
2025-09-15,15011.900390625,16042.7001953125,14833.7998046875,15959.599609375,2043600.0
2025-09-16,15993.400390625,16257.900390625,15831.900390625,16234.5,1324800.0
2025-09-17,16238.0,16353.599609375,16145.2998046875,16292.2998046875,1147800.0
2025-09-18,16358.2001953125,16380.5,15727.400390625,15806.7001953125,957000.0
2025-09-19,15872.900390625,16355.900390625,15771.900390625,16297.900390625,1401300.0
2025-09-22,16792.099609375,16849.900390625,16591.099609375,16591.099609375,1161800.0
2025-09-23,16326.5,16499.099609375,16156.2001953125,16222.099609375,934800.0
2025-09-24,16248.599609375,16404.099609375,15671.5,16082.2998046875,1359900.0
2025-09-25,16184.2001953125,16208.099609375,15894.400390625,15940.099609375,691700.0
2025-09-26,15898.7001953125,15965.7001953125,15387.900390625,15463.7001953125,1008900.0
2025-09-29,15288.400390625,15637.0,15288.400390625,15367.099609375,814900.0
2025-09-30,15437.5,15556.0,15305.099609375,15490.2001953125,910000.0
2025-10-01,15458.2998046875,16159.0,15353.900390625,16026.7998046875,1295100.0
2025-10-02,16002.400390625,16117.400390625,15447.5,15520.5,1083500.0
2025-10-03,15629.2001953125,15631.099609375,14838.099609375,14843.400390625,1143000.0
2025-10-06,14929.099609375,14969.2001953125,14417.599609375,14472.5,908000.0
2025-10-07,14509.2998046875,14603.900390625,14366.7998046875,14559.2998046875,882400.0
2025-10-08,14588.7998046875,14806.2998046875,14340.2001953125,14382.2998046875,1277000.0
2025-10-09,14561.2998046875,14611.2998046875,14061.400390625,14139.5,1099400.0
2025-10-10,14169.599609375,14313.2998046875,14022.2998046875,14153.099609375,772400.0
2025-10-13,13908.599609375,14105.7001953125,13800.2001953125,13856.599609375,688000.0
2025-10-14,13867.2998046875,13910.400390625,13192.2001953125,13238.5,907700.0
2025-10-15,13306.400390625,13437.400390625,13142.5,13259.2001953125,1091200.0
2025-10-16,13223.099609375,13620.0,13176.400390625,13373.7998046875,1157400.0
2025-10-17,13307.2001953125,13385.2998046875,12848.2001953125,13193.900390625,1051200.0
2025-10-20,13278.2998046875,13907.099609375,13069.900390625,13823.900390625,1327600.0
2025-10-21,13838.099609375,14068.900390625,13758.2001953125,13942.0,1075000.0
2025-10-22,14018.0,14196.599609375,13925.900390625,14018.400390625,995000.0
2025-10-23,14044.400390625,14317.7001953125,13920.0,14090.599609375,1381500.0
2025-10-24,14337.599609375,15348.5,14211.7998046875,14847.099609375,2955200.0
2025-10-27,14776.2998046875,14840.2998046875,14361.2001953125,14436.5,1226400.0
2025-10-28,14423.599609375,14519.2001953125,14339.0,14410.2998046875,443500.0
2025-10-30,14547.599609375,14612.2001953125,14333.7001953125,14499.5,950700.0
2025-10-31,14522.0,14906.599609375,14436.900390625,14895.400390625,1316600.0
2025-11-03,14998.599609375,15354.400390625,14944.7001953125,14993.900390625,1322100.0
2025-11-04,14949.900390625,15262.2998046875,14870.5,14938.0,1106000.0
2025-11-05,14944.5,15169.599609375,14857.599609375,15097.400390625,1151700.0
2025-11-06,15191.599609375,15414.5,15113.5,15330.5,1011600.0
2025-11-07,15322.400390625,15322.400390625,14757.099609375,14947.0,1172500.0
2025-11-10,15016.7998046875,15066.0,14616.7998046875,14651.900390625,912900.0
2025-11-11,14635.2001953125,14751.099609375,13953.400390625,14299.900390625,1496400.0
2025-11-12,14423.7998046875,14582.599609375,14281.400390625,14455.0,843400.0
2025-11-13,14514.5,14583.599609375,14374.7001953125,14461.0,762300.0
2025-11-14,14407.599609375,14559.2001953125,14246.0,14372.2998046875,696100.0
2025-11-17,14488.900390625,14597.599609375,14315.900390625,14397.400390625,1123700.0
2025-11-18,14358.2998046875,14637.400390625,14302.099609375,14472.099609375,1093500.0
2025-11-19,14536.2998046875,15029.599609375,14472.2998046875,14947.400390625,1328700.0
2025-11-20,15025.2998046875,15162.7001953125,14891.2998046875,15157.7998046875,930800.0
2025-11-21,15047.099609375,15083.5,14830.099609375,15021.599609375,978200.0
2025-11-24,14940.400390625,15321.5,14936.900390625,15254.599609375,1090600.0
2025-11-25,15305.599609375,15572.0,15246.2001953125,15463.2998046875,1427800.0
2025-11-26,15485.599609375,15610.2998046875,15389.5,15516.0,983700.0
2025-11-27,15656.7001953125,15867.5,15614.2001953125,15669.2998046875,1140500.0
2025-11-28,15632.7001953125,15886.0,15609.0,15853.7001953125,956500.0
2025-12-01,15840.900390625,16510.900390625,15701.2001953125,16387.30078125,1567200.0
2025-12-02,16425.80078125,16494.80078125,16208.400390625,16326.099609375,1488800.0
2025-12-03,16385.69921875,16710.30078125,16262.2998046875,16456.400390625,2481700.0
2025-12-04,16483.30078125,16540.30078125,15874.599609375,15914.0,1492800.0
2025-12-05,15894.7998046875,16362.599609375,15874.2001953125,16329.099609375,1390000.0
2025-12-08,16508.5,16806.900390625,16414.30078125,16499.900390625,1346700.0
2025-12-09,16527.80078125,16639.599609375,16389.900390625,16605.099609375,1044100.0
2025-12-10,16640.599609375,16666.400390625,16180.099609375,16376.400390625,1087700.0
2025-12-11,16428.099609375,16539.400390625,16217.900390625,16311.2998046875,1468700.0
2025-12-12,16402.900390625,16549.900390625,16261.400390625,16460.19921875,898300.0
2025-12-15,16501.0,16701.80078125,16452.599609375,16674.69921875,910500.0
2025-12-16,16679.099609375,16679.099609375,16418.599609375,16565.69921875,788100.0
2025-12-17,16530.30078125,16603.19921875,16334.400390625,16541.19921875,927400.0
2025-12-18,16593.0,16769.69921875,16486.69921875,16745.599609375,992900.0
2025-12-19,16750.900390625,16803.80078125,16623.19921875,16741.69921875,952100.0
2025-12-22,16775.599609375,17058.30078125,16738.0,16907.900390625,1125000.0
2025-12-23,16857.5,17066.5,16686.19921875,16731.900390625,1052000.0
2025-12-24,16758.80078125,16858.099609375,16406.099609375,16406.099609375,958700.0
2025-12-26,16359.5,16429.80078125,16088.5,16207.599609375,751000.0
2025-12-29,16204.099609375,16425.69921875,16074.2998046875,16308.599609375,850400.0
2025-12-30,16343.599609375,16414.69921875,16178.5,16346.5,750500.0
2025-12-31,16392.30078125,16642.19921875,16385.30078125,16540.0,844600.0
2026-01-02,16615.900390625,17244.69921875,16615.900390625,17244.69921875,1043300.0
2026-01-05,17365.19921875,17395.900390625,17107.099609375,17264.69921875,1126400.0
2026-01-06,17298.099609375,17667.0,17171.19921875,17572.30078125,1485000.0
2026-01-07,17621.599609375,17642.80078125,17120.400390625,17155.599609375,1133100.0
2026-01-08,17161.099609375,17332.400390625,17054.30078125,17194.599609375,1047300.0
2026-01-09,17282.400390625,17448.599609375,17143.80078125,17245.30078125,1106800.0
2026-01-12,17304.900390625,17488.19921875,17132.0,17186.900390625,1041700.0
2026-01-13,17205.30078125,17453.80078125,17120.5,17358.400390625,1200400.0
2026-01-14,17426.099609375,17449.69921875,17179.69921875,17273.099609375,1063200.0
2026-01-15,17241.69921875,17305.0,16846.5,17042.0,1346900.0
2026-01-16,17084.599609375,17262.599609375,16954.5,17122.80078125,1493200.0
2026-01-19,17204.5,17738.19921875,17204.5,17657.900390625,1415600.0
2026-01-20,17690.900390625,17856.099609375,17472.0,17662.599609375,1345800.0
2026-01-21,17729.19921875,18085.19921875,17678.5,18085.19921875,1475200.0
2026-01-22,18184.0,18217.30078125,17491.900390625,17759.0,1722400.0
2026-01-23,17846.400390625,18202.69921875,17838.80078125,18110.5,1327500.0
2026-01-26,17945.400390625,18237.80078125,17748.900390625,18183.400390625,1470700.0
2026-01-27,18226.099609375,18274.900390625,17840.30078125,17944.099609375,1490600.0
2026-01-28,17941.099609375,18759.900390625,17842.19921875,18569.80078125,1831000.0
2026-01-29,18715.900390625,20011.80078125,18647.5,19466.099609375,2171300.0
2026-01-30,19469.900390625,20036.69921875,19241.099609375,20019.900390625,1714600.0
2026-02-02,19530.0,20139.400390625,19148.5,19772.599609375,1645600.0
2026-02-03,19878.80078125,19977.900390625,19341.80078125,19881.5,1826700.0
2026-02-04,19951.099609375,20022.0,19404.099609375,19404.099609375,1186900.0
2026-02-05,19356.400390625,19458.599609375,18921.599609375,18934.30078125,1195600.0
2026-02-06,18951.69921875,19096.19921875,18628.69921875,18856.099609375,999800.0
2026-02-09,19113.0,19472.599609375,19064.69921875,19346.900390625,1391300.0
2026-02-10,19368.099609375,19453.30078125,19058.19921875,19184.69921875,1201200.0
2026-02-11,19066.69921875,19434.599609375,18970.80078125,19267.69921875,1243400.0
2026-02-12,19344.900390625,20618.80078125,19322.69921875,20609.099609375,2211200.0
2026-02-13,20611.0,20749.19921875,20217.30078125,20300.0,1309900.0
2026-02-16,20425.69921875,20613.599609375,20074.19921875,20357.400390625,1251200.0
2026-02-17,20301.099609375,20653.5,20188.099609375,20188.099609375,1130300.0
2026-02-18,20251.30078125,20889.80078125,20248.900390625,20501.19921875,1583700.0
2026-02-19,20598.80078125,20598.80078125,19481.099609375,19605.0,1451800.0
2026-02-20,19617.400390625,19967.19921875,19447.5,19967.19921875,1123700.0
2026-02-23,20245.80078125,20575.400390625,20078.0,20411.5,1408800.0
2026-02-24,20330.0,20705.30078125,20196.599609375,20471.19921875,1110400.0
2026-02-25,20550.0,20725.19921875,20137.30078125,20356.099609375,1291800.0
2026-02-26,20389.80078125,20789.900390625,20153.19921875,20641.099609375,1085900.0
2026-02-27,20752.5,20940.19921875,20069.400390625,20287.19921875,1285800.0
2026-03-02,19108.900390625,19480.599609375,18739.5,18780.599609375,1028700.0
2026-03-03,18660.900390625,18994.099609375,17742.0,17745.69921875,1085600.0
2026-03-04,17763.900390625,18019.0,17499.599609375,17619.900390625,1176600.0
2026-03-05,17813.5,18170.400390625,17766.80078125,17854.19921875,694300.0
2026-03-06,17723.69921875,17945.599609375,16794.400390625,16948.099609375,907800.0
2026-03-09,16399.5,16920.400390625,16004.099609375,16920.400390625,1462600.0
2026-03-10,17682.400390625,17875.099609375,17348.599609375,17704.0,1239800.0
2026-03-11,17670.80078125,17779.80078125,17194.400390625,17593.80078125,950600.0
2026-03-12,17408.0,17825.69921875,17168.69921875,17239.30078125,1207000.0
2026-03-13,17127.80078125,17154.5,16453.69921875,16664.5,999300.0
2026-03-16,16751.900390625,16805.5,16491.400390625,16675.19921875,742100.0
2026-03-17,16765.5,17309.400390625,16765.5,17203.80078125,967400.0
2026-03-18,17301.400390625,17416.5,16922.69921875,17005.599609375,916100.0
2026-03-19,16787.400390625,16966.19921875,16675.900390625,16693.0,340900.0
2026-03-23,16181.0,16682.69921875,15556.099609375,16600.0,2298700.0
2026-03-24,16386.0,16584.5,16030.7998046875,16030.7998046875,976600.0
2026-03-25,16323.5,16461.80078125,16162.7001953125,16182.0,898000.0
2026-03-26,15961.0,16179.7001953125,15598.7998046875,15641.2001953125,823700.0
2026-03-27,15714.7001953125,15802.400390625,15427.2001953125,15591.7998046875,801900.0
2026-03-30,15559.099609375,15618.2001953125,15274.0,15343.099609375,743500.0
2026-03-31,15405.2001953125,15737.400390625,15383.2001953125,15469.400390625,958100.0
2026-04-01,16008.900390625,16009.599609375,15696.0,15823.099609375,1025600.0
2026-04-02,15472.900390625,16035.099609375,15454.400390625,16023.5,905900.0
2026-04-03,16022.900390625,16195.900390625,15824.0,15972.7001953125,691800.0
2026-04-06,16029.599609375,16465.099609375,16009.599609375,16282.5,1030000.0
2026-04-07,16140.400390625,16283.5,15792.2998046875,15895.0,967300.0
2026-04-08,17010.099609375,17436.69921875,16873.900390625,17251.900390625,1733500.0
2026-04-09,17164.400390625,17300.599609375,17004.099609375,17285.599609375,1008100.0
2026-04-10,17441.900390625,17866.19921875,17420.30078125,17832.0,1146600.0
2026-04-13,17422.30078125,17669.5,17232.19921875,17641.0,1061700.0
2026-04-14,17916.0,18291.30078125,17456.19921875,17707.099609375,1696700.0
2026-04-15,17777.900390625,17822.80078125,17620.599609375,17726.099609375,897200.0
2026-04-16,17870.19921875,17981.5,17480.30078125,17574.80078125,800300.0
2026-04-17,17591.69921875,18591.400390625,17455.0,18564.900390625,1944800.0
2026-04-20,18177.69921875,18519.599609375,18091.900390625,18279.400390625,1099700.0
2026-04-21,18369.5,18453.80078125,18075.599609375,18075.599609375,980100.0
2026-04-22,18234.099609375,18314.5,17762.69921875,17827.0,887800.0
2026-04-24,17735.0,17794.099609375,17430.0,17593.5,883000.0
2026-04-27,17603.099609375,17815.400390625,17412.5,17489.80078125,851400.0
2026-04-28,17477.400390625,17577.69921875,17144.5,17144.5,711900.0
2026-04-29,17270.19921875,17373.099609375,16825.400390625,16844.0,878600.0
2026-04-30,16733.099609375,16992.0,16656.80078125,16950.099609375,852200.0
2026-05-04,16998.900390625,17046.19921875,16407.099609375,16474.80078125,916200.0
2026-05-05,16486.80078125,16640.30078125,16375.7001953125,16503.900390625,872500.0
2026-05-06,16835.900390625,17530.599609375,16733.0,17234.19921875,2136700.0
2026-05-07,17339.400390625,17771.80078125,17281.099609375,17541.19921875,1342500.0
2026-05-08,17426.80078125,17727.900390625,17269.400390625,17568.80078125,1061400.0
2026-05-11,17489.900390625,17764.30078125,17380.0,17731.30078125,986500.0
2026-05-12,17691.0,17769.0,17106.69921875,17106.69921875,835600.0
2026-05-13,17261.599609375,17304.599609375,16776.400390625,16878.30078125,808500.0
2026-05-14,16992.900390625,17276.30078125,16828.0,17109.599609375,961800.0
2026-05-15,16897.900390625,16897.900390625,16516.400390625,16665.0,865600.0
2026-05-18,16561.19921875,16795.30078125,16343.2001953125,16543.19921875,978900.0
2026-05-20,16452.0,16511.80078125,16210.2001953125,16358.7998046875,950700.0
2026-05-21,16331.099609375,16401.599609375,14947.099609375,14947.099609375,876800.0
2026-05-22,14768.099609375,15528.5,14592.0,15372.099609375,2240200.0
2026-05-25,15489.2001953125,15784.7998046875,15378.099609375,15723.099609375,996200.0
2026-05-26,15693.2998046875,15809.5,15499.7998046875,15499.7998046875,441100.0
2026-06-01,15636.5,15959.7998046875,15483.5,15515.900390625,1263700.0
2026-06-02,15698.099609375,16335.0,15698.099609375,16219.400390625,1351700.0
2026-06-03,16195.0,16346.099609375,15914.599609375,15922.900390625,1074800.0
2026-06-04,16071.5,16323.599609375,15831.099609375,16283.400390625,1141800.0
2026-06-05,16357.2001953125,16379.099609375,15690.400390625,15693.5,1070900.0
2026-06-08,15493.900390625,16331.599609375,15464.599609375,16260.5,1101700.0
2026-06-09,16280.0,16588.099609375,16262.2001953125,16370.0,932000.0
2026-06-10,16340.599609375,16443.0,15969.0,16124.7001953125,674000.0
2026-06-11,16216.7001953125,16447.80078125,15862.7998046875,16224.900390625,1055000.0
2026-06-12,16661.19921875,17397.30078125,16589.80078125,17270.400390625,1682200.0
2026-06-15,18377.19921875,18377.19921875,18005.5,18157.80078125,1289900.0
2026-06-16,18139.400390625,18282.19921875,18003.69921875,18182.30078125,868800.0
2026-06-17,18260.900390625,18454.0,18077.0,18280.19921875,1100500.0
2026-06-18,18337.30078125,18984.69921875,18320.30078125,18935.599609375,1250500.0
2026-06-19,18685.400390625,19128.69921875,18662.80078125,18994.5,1139200.0
2026-06-22,19103.19921875,19206.099609375,18976.5,19065.599609375,634000.0
2026-06-23,18940.5,19038.19921875,18598.80078125,18717.0,834100.0
2026-06-24,18740.30078125,18793.0,18476.30078125,18679.5,770100.0
2026-06-25,18956.19921875,19043.69921875,17922.0,17976.80078125,1108100.0
2026-06-26,17986.0,18131.80078125,17856.69921875,18045.80078125,659300.0
2026-06-29,18094.69921875,18209.5,17813.900390625,17941.099609375,706700.0
2026-06-30,17966.5,18120.5,17865.69921875,17966.80078125,859100.0
2026-07-01,17929.0,18270.5,17752.30078125,18210.19921875,1087600.0
2026-07-02,18259.19921875,18467.69921875,18107.599609375,18241.400390625,1004500.0
2026-07-03,18388.69921875,18388.69921875,17363.900390625,17379.599609375,1156700.0
2026-07-06,17459.19921875,17623.30078125,17299.599609375,17391.5,810000.0
2026-07-07,17343.900390625,17723.69921875,17343.900390625,17453.400390625,897500.0
2026-07-08,17343.5,17453.80078125,16859.900390625,16886.400390625,1145500.0
2026-07-09,16966.30078125,17030.0,16643.80078125,16689.30078125,771600.0
2026-07-10,16686.30078125,16916.80078125,16448.80078125,16510.0,1075700.0
2026-07-13,16315.2998046875,16382.900390625,16064.2001953125,16207.400390625,1059700.0
2026-07-14,16179.7998046875,16486.599609375,16131.5,16422.19921875,1045800.0
2026-07-16,16457.30078125,16512.599609375,16093.900390625,16398.0,1552700.0
2026-07-17,16327.2001953125,16342.7998046875,15985.7998046875,16085.400390625,1084100.0
2026-07-20,16085.7998046875,16146.2001953125,15819.400390625,15842.599609375,1278800.0
2026-07-21,15916.900390625,15955.0,15664.2998046875,15719.7998046875,1182800.0
2026-07-22,15711.900390625,15843.0,15603.099609375,15733.0,1060500.0
2026-07-23,15711.7998046875,15788.7998046875,15562.400390625,15699.0,1209800.0
2026-07-24,15648.099609375,15889.7998046875,15591.0,15704.099609375,1053700.0
2026-07-27,15931.0,16065.2001953125,15509.599609375,15534.099609375,1245700.0
2026-07-28,15541.900390625,15630.0,15377.5,15437.599609375,964700.0
2026-07-29,15455.2001953125,15544.400390625,14864.400390625,14948.7001953125,1285000.0
2026-07-30,14920.599609375,15011.400390625,14539.7998046875,14588.7001953125,1278700.0
2026-07-31,14651.400390625,15022.599609375,14558.5,15010.2001953125,1674300.0
2026-08-03,15188.0,15594.099609375,15147.5,15460.0,2160600.0
2026-08-04,15379.599609375,15837.5,15251.400390625,15793.5,1980900.0
2026-08-05,15692.7998046875,15726.599609375,15409.5,15584.7998046875,1445000.0
2026-08-06,15637.2001953125,15832.7998046875,15457.7001953125,15487.2001953125,1243000.0
2026-08-07,15517.599609375,15632.7998046875,15380.599609375,15489.7998046875,925100.0
2026-08-10,15532.2998046875,15532.2998046875,15237.900390625,15290.7998046875,1064800.0
2026-08-11,15238.2998046875,15344.900390625,14877.0,15189.599609375,1480900.0
2026-08-12,15160.5,15887.2998046875,15148.099609375,15826.5,1681900.0
2026-08-13,15831.7998046875,16001.099609375,15583.0,15793.099609375,1066700.0
2026-08-14,15779.7001953125,15893.2998046875,15697.7001953125,15773.2998046875,790800.0
2026-08-17,15790.5,15832.599609375,15599.599609375,15600.900390625,1059000.0
2026-08-18,15522.7998046875,15769.2998046875,15465.2001953125,15560.7998046875,950200.0
2026-08-19,15553.7001953125,16000.5,15521.900390625,15950.2001953125,1227000.0
2026-08-20,16023.900390625,16159.5,15620.5,15679.2998046875,1104100.0
2026-08-21,15706.7998046875,16042.2001953125,15701.599609375,15776.400390625,1269100.0
2026-08-24,16371.599609375,16440.69921875,16110.2001953125,16209.099609375,1536800.0
2026-08-25,16199.2001953125,16365.400390625,16146.2001953125,16203.7001953125,1075800.0
2026-08-26,16327.5,16943.900390625,16327.5,16525.400390625,2017100.0
2026-08-27,16677.80078125,16802.30078125,16448.400390625,16513.0,1312600.0
2026-08-28,16623.900390625,16777.099609375,16541.80078125,16719.900390625,1303800.0
2026-08-31,16745.19921875,16745.19921875,16236.400390625,16321.2998046875,1419300.0
2026-09-01,16342.900390625,16669.69921875,16246.0,16405.80078125,1467200.0
2026-09-02,16266.5,16395.599609375,15772.900390625,16395.599609375,1359300.0
2026-09-03,16587.69921875,16790.5,16466.19921875,16483.80078125,1367800.0
2026-09-04,16643.599609375,16808.30078125,16478.599609375,16611.19921875,1289000.0
2026-09-07,16621.30078125,16746.69921875,16507.099609375,16702.400390625,1386300.0
2026-09-08,16744.900390625,17423.400390625,16652.900390625,17423.400390625,3238200.0
2026-09-09,17395.5,17656.19921875,16968.599609375,16999.19921875,3315000.0
2026-09-10,17078.0,17102.0,16586.69921875,16818.19921875,1663400.0
2026-09-11,16842.599609375,17145.0,16790.0,17027.69921875,1694700.0
2026-09-14,16846.099609375,17082.69921875,16802.19921875,16882.19921875,1024500.0
2026-09-15,16901.099609375,16958.0,16181.900390625,16181.900390625,1300400.0
2026-09-16,16227.7001953125,16242.2001953125,14758.2001953125,15149.900390625,2390100.0
