Date,Lower,Upper
2022-03-22,0.37507874015748033,0.6249212598425197
2022-03-23,0.3865625,0.6134375000000001
2022-03-24,0.37368217054263564,0.6263178294573644
2022-03-25,0.40499999999999997,0.595
2022-03-28,0.42194656488549614,0.5780534351145038
2022-03-29,0.4386363636363636,0.5613636363636364
2022-03-30,0.4531203007518797,0.5468796992481203
2022-03-31,0.44604477611940296,0.553955223880597
2022-04-01,0.4217407407407407,0.5782592592592593
2022-04-04,0.436985294117647,0.5630147058823529
2022-04-05,0.4728832116788321,0.5271167883211679
2022-04-06,0.4093478260869565,0.5906521739130435
2022-04-07,0.3897482014388489,0.6102517985611511
2022-04-08,0.4038571428571428,0.5961428571428572
2022-04-11,0.4085460992907801,0.5914539007092199
2022-04-12,0.3545774647887323,0.6454225352112677
2022-04-13,0.36136363636363633,0.6386363636363637
2022-04-14,0.39875,0.6012500000000001
2022-04-15,0.38720689655172413,0.6127931034482759
2022-04-18,0.38720689655172413,0.6127931034482759
2022-04-19,0.3900684931506849,0.6099315068493151
2022-04-20,0.41057823129251697,0.589421768707483
2022-04-21,0.42905405405405406,0.5709459459459459
2022-04-22,0.38620805369127514,0.6137919463087249
2022-04-25,0.35,0.65
2022-04-26,0.35,0.65
2022-04-27,0.35,0.65
2022-04-28,0.35,0.65
2022-04-29,0.35,0.65
2022-05-05,0.3590506329113924,0.6409493670886076
2022-05-06,0.35,0.65
2022-05-09,0.35,0.65
2022-05-10,0.35,0.65
2022-05-11,0.35,0.65
2022-05-12,0.35,0.65
2022-05-13,0.35,0.65
2022-05-16,0.35,0.65
2022-05-17,0.35234939759036144,0.6476506024096386
2022-05-18,0.3612874251497006,0.6387125748502994
2022-05-20,0.35,0.65
2022-05-23,0.35,0.65
2022-05-24,0.35,0.65
2022-05-25,0.35,0.65
2022-05-26,0.35,0.65
2022-05-27,0.35821839080459766,0.6417816091954023
2022-05-30,0.3696857142857143,0.6303142857142857
2022-05-31,0.3696857142857143,0.6303142857142857
2022-06-01,0.36772727272727274,0.6322727272727273
2022-06-02,0.3746045197740113,0.6253954802259887
2022-06-03,0.38140449438202245,0.6185955056179775
2022-06-06,0.3808659217877095,0.6191340782122905
2022-06-07,0.3788888888888889,0.6211111111111112
2022-06-08,0.3912983425414364,0.6087016574585635
2022-06-09,0.3921428571428571,0.6078571428571429
2022-06-10,0.36740437158469946,0.6325956284153006
2022-06-13,0.3507065217391304,0.6492934782608696
2022-06-14,0.35,0.65
2022-06-15,0.35,0.65
2022-06-16,0.35,0.65
2022-06-17,0.35,0.65
2022-06-20,0.35,0.65
2022-06-21,0.35,0.65
2022-06-22,0.35,0.65
2022-06-23,0.35,0.65
2022-06-24,0.35,0.65
2022-06-27,0.3671761658031088,0.6328238341968913
2022-06-28,0.37211340206185567,0.6278865979381444
2022-06-29,0.3516666666666666,0.6483333333333334
2022-06-30,0.3553061224489796,0.6446938775510205
2022-07-01,0.35,0.65
2022-07-04,0.3756060606060606,0.6243939393939394
2022-07-05,0.3756060606060606,0.6243939393939394
2022-07-06,0.3646984924623115,0.6353015075376884
2022-07-07,0.376,0.624
2022-07-08,0.3833084577114428,0.6166915422885573
2022-07-13,0.3678431372549019,0.6321568627450981
2022-07-14,0.3750487804878048,0.6249512195121951
2022-07-18,0.4080917874396135,0.5919082125603865
2022-07-19,0.395,0.605
2022-07-20,0.4019377990430622,0.5980622009569379
2022-07-21,0.4137619047619048,0.5862380952380952
2022-07-22,0.4230094786729858,0.5769905213270142
2022-07-25,0.4235849056603773,0.5764150943396227
2022-07-26,0.4180516431924882,0.5819483568075118
2022-07-27,0.3979906542056075,0.6020093457943926
2022-07-28,0.4204418604651163,0.5795581395348838
2022-07-29,0.43666666666666665,0.5633333333333334
2022-08-01,0.4527419354838709,0.547258064516129
2022-08-02,0.4305045871559633,0.5694954128440367
2022-08-03,0.40847031963470315,0.5915296803652969
2022-08-04,0.4421818181818182,0.5578181818181819
2022-08-05,0.4514705882352941,0.5485294117647059
2022-08-08,0.45716216216216216,0.5428378378378379
2022-08-09,0.45522421524663675,0.5447757847533633
2022-08-10,0.44401785714285713,0.5559821428571429
2022-08-11,0.4756666666666666,0.5243333333333333
2022-08-12,0.47022123893805307,0.5297787610619469
2022-08-15,0.48,0.52
2022-08-16,0.4720175438596491,0.5279824561403509
2022-08-17,0.4768777292576419,0.5231222707423581
2022-08-18,0.4720869565217391,0.5279130434782608
2022-08-19,0.48,0.52
2022-08-22,0.4598275862068965,0.5401724137931034
2022-08-23,0.40663090128755364,0.5933690987124464
2022-08-24,0.3983333333333333,0.6016666666666667
2022-08-25,0.42440425531914894,0.5755957446808511
2022-08-26,0.4392372881355932,0.5607627118644068
2022-08-29,0.3804430379746835,0.6195569620253165
2022-08-31,0.3682217573221757,0.6317782426778242
2022-09-01,0.3749166666666666,0.6250833333333333
2022-09-02,0.3826348547717842,0.6173651452282158
2022-09-05,0.38384297520661154,0.6161570247933885
2022-09-06,0.38384297520661154,0.6161570247933885
2022-09-07,0.3609670781893004,0.6390329218106996
2022-09-08,0.393155737704918,0.606844262295082
2022-09-09,0.41128571428571425,0.5887142857142857
2022-09-12,0.4292682926829268,0.5707317073170732
2022-09-13,0.4076315789473684,0.5923684210526317
2022-09-14,0.3541935483870967,0.6458064516129033
2022-09-15,0.3706224899598393,0.6293775100401606
2022-09-16,0.36612,0.63388
2022-09-19,0.36579681274900394,0.634203187250996
2022-09-20,0.3768253968253968,0.6231746031746032
2022-09-21,0.3572222222222222,0.6427777777777778
2022-09-22,0.35,0.65
2022-09-23,0.3530952380952381,0.6469047619047619
2022-09-26,0.35,0.65
2022-09-27,0.35,0.65
2022-09-28,0.35,0.65
2022-09-29,0.35,0.65
2022-09-30,0.35,0.65
2022-10-03,0.35,0.65
2022-10-04,0.35,0.65
2022-10-05,0.35,0.65
2022-10-06,0.35,0.65
2022-10-07,0.35,0.65
2022-10-10,0.35,0.65
2022-10-11,0.35,0.65
2022-10-12,0.35,0.65
2022-10-13,0.35,0.65
2022-10-14,0.35,0.65
2022-10-17,0.35,0.65
2022-10-18,0.35,0.65
2022-10-19,0.35,0.65
2022-10-20,0.35,0.65
2022-10-21,0.35,0.65
2022-10-24,0.35,0.65
2022-10-25,0.35,0.65
2022-10-26,0.35928571428571426,0.6407142857142858
2022-10-27,0.3788888888888889,0.6211111111111112
2022-10-28,0.3757936507936508,0.6242063492063492
2022-10-31,0.40674603174603174,0.5932539682539683
2022-11-01,0.40468253968253964,0.5953174603174604
2022-11-02,0.40674603174603174,0.5932539682539683
2022-11-03,0.40674603174603174,0.5932539682539683
2022-11-04,0.42067460317460315,0.5793253968253969
2022-11-07,0.4294444444444444,0.5705555555555556
2022-11-08,0.4330555555555555,0.5669444444444445
2022-11-09,0.4180952380952381,0.5819047619047619
2022-11-10,0.4031349206349206,0.5968650793650794
2022-11-11,0.45265873015873015,0.5473412698412699
2022-11-14,0.46968253968253965,0.5303174603174603
2022-11-15,0.4500793650793651,0.5499206349206349
2022-11-16,0.4325396825396825,0.5674603174603174
2022-11-17,0.44130952380952376,0.5586904761904762
2022-11-18,0.4454365079365079,0.5545634920634921
2022-11-21,0.4614285714285714,0.5385714285714286
2022-11-22,0.47587301587301584,0.5241269841269841
2022-11-23,0.48,0.52
2022-11-24,0.48,0.52
2022-11-25,0.48,0.52
2022-11-28,0.48,0.52
2022-11-29,0.4769047619047619,0.5230952380952382
2022-11-30,0.48,0.52
2022-12-01,0.48,0.52
2022-12-02,0.48,0.52
2022-12-05,0.48,0.52
2022-12-06,0.48,0.52
2022-12-07,0.4722619047619047,0.5277380952380952
2022-12-08,0.4671031746031746,0.5328968253968254
2022-12-09,0.47174603174603175,0.5282539682539683
2022-12-12,0.46246031746031746,0.5375396825396825
2022-12-13,0.4191269841269841,0.5808730158730159
2022-12-14,0.4707142857142857,0.5292857142857142
2022-12-15,0.48,0.52
2022-12-16,0.4640079365079365,0.5359920634920635
2022-12-19,0.47174603174603175,0.5282539682539683
2022-12-20,0.47484126984126984,0.5251587301587302
2022-12-21,0.48,0.52
2022-12-22,0.48,0.52
2022-12-23,0.48,0.52
2022-12-26,0.48,0.52
2022-12-27,0.48,0.52
2022-12-28,0.48,0.52
2022-12-29,0.48,0.52
2022-12-30,0.48,0.52
2023-01-02,0.48,0.52
2023-01-03,0.48,0.52
2023-01-04,0.46039682539682536,0.5396031746031746
2023-01-05,0.48,0.52
2023-01-06,0.47484126984126984,0.5251587301587302
2023-01-09,0.48,0.52
2023-01-10,0.48,0.52
2023-01-11,0.48,0.52
2023-01-12,0.48,0.52
2023-01-13,0.48,0.52
2023-01-16,0.48,0.52
2023-01-17,0.48,0.52
2023-01-18,0.48,0.52
2023-01-19,0.48,0.52
2023-01-20,0.48,0.52
2023-01-23,0.48,0.52
2023-01-24,0.48,0.52
2023-01-25,0.48,0.52
2023-01-26,0.48,0.52
2023-01-27,0.48,0.52
2023-01-30,0.48,0.52
2023-01-31,0.48,0.52
2023-02-01,0.48,0.52
2023-02-02,0.48,0.52
2023-02-03,0.48,0.52
2023-02-06,0.48,0.52
2023-02-07,0.48,0.52
2023-02-08,0.48,0.52
2023-02-15,0.48,0.52
2023-02-16,0.48,0.52
2023-02-17,0.48,0.52
2023-02-20,0.48,0.52
2023-02-21,0.48,0.52
2023-02-22,0.4438888888888889,0.5561111111111111
2023-02-23,0.45988095238095233,0.5401190476190476
2023-02-24,0.48,0.52
2023-02-27,0.4738095238095238,0.5261904761904762
2023-02-28,0.48,0.52
2023-03-01,0.48,0.52
2023-03-02,0.48,0.52
2023-03-03,0.48,0.52
2023-03-06,0.48,0.52
2023-03-07,0.48,0.52
2023-03-08,0.48,0.52
2023-03-09,0.48,0.52
2023-03-10,0.4418253968253968,0.5581746031746032
2023-03-13,0.3953968253968254,0.6046031746031746
2023-03-14,0.3634126984126984,0.6365873015873016
2023-03-15,0.4186111111111111,0.581388888888889
2023-03-16,0.3706349206349206,0.6293650793650793
2023-03-17,0.4284126984126984,0.5715873015873016
2023-03-20,0.38611111111111107,0.6138888888888889
2023-03-21,0.4057142857142857,0.5942857142857143
2023-03-22,0.47174603174603175,0.5282539682539683
2023-03-23,0.44904761904761903,0.550952380952381
2023-03-24,0.4392460317460317,0.5607539682539683
2023-03-27,0.46246031746031746,0.5375396825396825
2023-03-28,0.48,0.52
2023-03-29,0.48,0.52
2023-03-30,0.48,0.52
2023-03-31,0.48,0.52
2023-04-03,0.48,0.52
2023-04-04,0.48,0.52
2023-04-05,0.48,0.52
2023-04-06,0.48,0.52
2023-04-07,0.48,0.52
2023-04-10,0.48,0.52
2023-04-11,0.48,0.52
2023-04-12,0.48,0.52
2023-04-13,0.48,0.52
2023-04-14,0.48,0.52
2023-04-17,0.48,0.52
2023-04-18,0.48,0.52
2023-04-19,0.48,0.52
2023-04-20,0.48,0.52
2023-04-24,0.48,0.52
2023-04-25,0.48,0.52
2023-04-26,0.48,0.52
2023-04-27,0.48,0.52
2023-04-28,0.48,0.52
2023-05-02,0.48,0.52
2023-05-03,0.48,0.52
2023-05-04,0.48,0.52
2023-05-05,0.48,0.52
2023-05-08,0.48,0.52
2023-05-09,0.48,0.52
2023-05-10,0.48,0.52
2023-05-11,0.48,0.52
2023-05-12,0.48,0.52
2023-05-15,0.48,0.52
2023-05-16,0.48,0.52
2023-05-17,0.48,0.52
2023-05-18,0.48,0.52
2023-05-22,0.48,0.52
2023-05-23,0.48,0.52
2023-05-24,0.48,0.52
2023-05-25,0.46968253968253965,0.5303174603174603
2023-05-26,0.48,0.52
2023-05-29,0.48,0.52
2023-05-30,0.48,0.52
2023-05-31,0.48,0.52
2023-06-01,0.48,0.52
2023-06-02,0.48,0.52
2023-06-05,0.48,0.52
2023-06-06,0.48,0.52
2023-06-07,0.48,0.52
2023-06-08,0.48,0.52
2023-06-09,0.48,0.52
2023-06-12,0.48,0.52
2023-06-13,0.48,0.52
2023-06-14,0.48,0.52
2023-06-15,0.48,0.52
2023-06-16,0.48,0.52
2023-06-19,0.48,0.52
2023-06-20,0.48,0.52
2023-06-21,0.48,0.52
2023-06-22,0.48,0.52
2023-06-23,0.48,0.52
2023-06-26,0.48,0.52
2023-06-27,0.48,0.52
2023-07-03,0.48,0.52
2023-07-04,0.48,0.52
2023-07-05,0.48,0.52
2023-07-06,0.48,0.52
2023-07-07,0.48,0.52
2023-07-10,0.48,0.52
2023-07-11,0.48,0.52
2023-07-12,0.48,0.52
2023-07-13,0.48,0.52
2023-07-14,0.48,0.52
2023-07-17,0.48,0.52
2023-07-18,0.48,0.52
2023-07-19,0.48,0.52
2023-07-20,0.48,0.52
2023-07-21,0.48,0.52
2023-07-24,0.48,0.52
2023-07-25,0.48,0.52
2023-07-26,0.48,0.52
2023-07-27,0.48,0.52
2023-07-28,0.48,0.52
2023-07-31,0.48,0.52
2023-08-01,0.48,0.52
2023-08-02,0.48,0.52
2023-08-03,0.48,0.52
2023-08-04,0.48,0.52
2023-08-07,0.48,0.52
2023-08-08,0.48,0.52
2023-08-09,0.48,0.52
2023-08-10,0.48,0.52
2023-08-11,0.48,0.52
2023-08-14,0.48,0.52
2023-08-15,0.48,0.52
2023-08-16,0.48,0.52
2023-08-17,0.48,0.52
2023-08-18,0.46349206349206346,0.5365079365079365
2023-08-21,0.46865079365079365,0.5313492063492063
2023-08-22,0.47174603174603175,0.5282539682539683
2023-08-23,0.4779365079365079,0.5220634920634921
2023-08-24,0.48,0.52
2023-08-25,0.46658730158730155,0.5334126984126984
2023-08-28,0.48,0.52
2023-08-29,0.48,0.52
2023-08-31,0.48,0.52
2023-09-01,0.48,0.52
2023-09-04,0.48,0.52
2023-09-05,0.48,0.52
2023-09-06,0.48,0.52
2023-09-07,0.48,0.52
2023-09-08,0.48,0.52
2023-09-11,0.48,0.52
2023-09-12,0.48,0.52
2023-09-13,0.48,0.52
2023-09-14,0.48,0.52
2023-09-15,0.48,0.52
2023-09-18,0.48,0.52
2023-09-19,0.48,0.52
2023-09-20,0.48,0.52
2023-09-21,0.48,0.52
2023-09-22,0.4438888888888889,0.5561111111111111
2023-09-25,0.4475,0.5525
2023-09-26,0.4614285714285714,0.5385714285714286
2023-09-27,0.413968253968254,0.586031746031746
2023-09-28,0.4325396825396825,0.5674603174603174
2023-09-29,0.44285714285714284,0.5571428571428572
2023-10-02,0.4407936507936508,0.5592063492063493
2023-10-03,0.4387301587301587,0.5612698412698413
2023-10-04,0.3902380952380952,0.6097619047619047
2023-10-05,0.4191269841269841,0.5808730158730159
2023-10-06,0.4227380952380952,0.5772619047619048
2023-10-09,0.4418253968253968,0.5581746031746032
2023-10-10,0.43666666666666665,0.5633333333333334
2023-10-11,0.45420634920634917,0.5457936507936508
2023-10-12,0.47019841269841267,0.5298015873015873
2023-10-13,0.46658730158730155,0.5334126984126984
2023-10-16,0.3892063492063492,0.6107936507936508
2023-10-17,0.44130952380952376,0.5586904761904762
2023-10-18,0.42738095238095236,0.5726190476190477
2023-10-19,0.3871428571428571,0.6128571428571429
2023-10-20,0.35,0.65
2023-10-23,0.35,0.65
2023-10-24,0.36444444444444446,0.6355555555555555
2023-10-25,0.3990079365079365,0.6009920634920635
2023-10-26,0.3665079365079365,0.6334920634920636
2023-10-27,0.3541269841269841,0.6458730158730159
2023-10-30,0.35,0.65
2023-10-31,0.37785714285714284,0.6221428571428572
2023-11-01,0.4222222222222222,0.5777777777777778
2023-11-02,0.4609126984126984,0.5390873015873016
2023-11-03,0.48,0.52
2023-11-06,0.48,0.52
2023-11-07,0.48,0.52
2023-11-08,0.48,0.52
2023-11-09,0.48,0.52
2023-11-10,0.47896825396825393,0.5210317460317461
2023-11-13,0.48,0.52
2023-11-14,0.48,0.52
2023-11-15,0.48,0.52
2023-11-16,0.48,0.52
2023-11-17,0.48,0.52
2023-11-20,0.48,0.52
2023-11-21,0.48,0.52
2023-11-22,0.48,0.52
2023-11-23,0.48,0.52
2023-11-24,0.48,0.52
2023-11-27,0.48,0.52
2023-11-28,0.48,0.52
2023-11-29,0.48,0.52
2023-11-30,0.48,0.52
2023-12-01,0.48,0.52
2023-12-04,0.48,0.52
2023-12-05,0.48,0.52
2023-12-06,0.48,0.52
2023-12-07,0.48,0.52
2023-12-08,0.48,0.52
2023-12-11,0.48,0.52
2023-12-12,0.48,0.52
2023-12-13,0.48,0.52
2023-12-14,0.48,0.52
2023-12-15,0.48,0.52
2023-12-18,0.48,0.52
2023-12-19,0.48,0.52
2023-12-20,0.48,0.52
2023-12-21,0.48,0.52
2023-12-22,0.48,0.52
2023-12-26,0.48,0.52
2023-12-27,0.48,0.52
2023-12-28,0.48,0.52
2023-12-29,0.48,0.52
2024-01-02,0.48,0.52
2024-01-03,0.48,0.52
2024-01-04,0.47277777777777774,0.5272222222222223
2024-01-05,0.4707142857142857,0.5292857142857142
2024-01-08,0.48,0.52
2024-01-09,0.48,0.52
2024-01-10,0.48,0.52
2024-01-11,0.48,0.52
2024-01-12,0.48,0.52
2024-01-15,0.48,0.52
2024-01-16,0.48,0.52
2024-01-17,0.47845238095238096,0.521547619047619
2024-01-18,0.4449206349206349,0.5550793650793651
2024-01-19,0.46297619047619043,0.5370238095238096
2024-01-22,0.48,0.52
2024-01-23,0.48,0.52
2024-01-24,0.48,0.52
2024-01-25,0.48,0.52
2024-01-26,0.48,0.52
2024-01-29,0.48,0.52
2024-01-30,0.48,0.52
2024-01-31,0.48,0.52
2024-02-01,0.44595238095238093,0.5540476190476191
2024-02-02,0.4660714285714286,0.5339285714285714
2024-02-05,0.46865079365079365,0.5313492063492063
2024-02-06,0.4774206349206349,0.5225793650793651
2024-02-07,0.48,0.52
2024-02-08,0.48,0.52
2024-02-09,0.48,0.52
2024-02-12,0.48,0.52
2024-02-13,0.45575396825396824,0.5442460317460318
2024-02-14,0.4062301587301587,0.5937698412698413
2024-02-15,0.43666666666666665,0.5633333333333334
2024-02-16,0.44956349206349205,0.5504365079365079
2024-02-19,0.4387301587301587,0.5612698412698413
2024-02-20,0.4387301587301587,0.5612698412698413
2024-02-21,0.4098412698412698,0.5901587301587302
2024-02-22,0.4098412698412698,0.5901587301587302
2024-02-23,0.42738095238095236,0.5726190476190477
2024-02-26,0.4707142857142857,0.5292857142857142
2024-02-27,0.4712301587301587,0.5287698412698413
2024-02-28,0.48,0.52
2024-02-29,0.4614285714285714,0.5385714285714286
2024-03-01,0.48,0.52
2024-03-04,0.48,0.52
2024-03-05,0.48,0.52
2024-03-06,0.42119047619047617,0.5788095238095238
2024-03-07,0.4196428571428571,0.5803571428571429
2024-03-08,0.42428571428571427,0.5757142857142857
2024-03-11,0.41293650793650793,0.5870634920634921
2024-03-12,0.39849206349206345,0.6015079365079365
2024-03-13,0.4578174603174603,0.5421825396825397
2024-03-14,0.46503968253968253,0.5349603174603175
2024-03-15,0.42376984126984124,0.5762301587301587
2024-03-18,0.4217063492063492,0.5782936507936508
2024-03-19,0.4263492063492063,0.5736507936507936
2024-03-20,0.45936507936507937,0.5406349206349207
2024-03-21,0.48,0.52
2024-03-22,0.48,0.52
2024-03-25,0.48,0.52
2024-03-26,0.48,0.52
2024-03-27,0.48,0.52
2024-03-28,0.48,0.52
2024-03-29,0.48,0.52
2024-04-01,0.48,0.52
2024-04-02,0.46349206349206346,0.5365079365079365
2024-04-03,0.40003968253968253,0.5999603174603175
2024-04-04,0.41654761904761906,0.583452380952381
2024-04-05,0.3613492063492063,0.6386507936507937
2024-04-08,0.36547619047619045,0.6345238095238096
2024-04-09,0.381984126984127,0.618015873015873
2024-04-15,0.35,0.65
2024-04-16,0.35,0.65
2024-04-17,0.35,0.65
2024-04-18,0.35,0.65
2024-04-19,0.35,0.65
2024-04-22,0.35,0.65
2024-04-24,0.3706349206349206,0.6293650793650793
2024-04-25,0.36238095238095236,0.6376190476190476
2024-04-26,0.3757936507936508,0.6242063492063492
2024-04-29,0.383015873015873,0.616984126984127
2024-04-30,0.39746031746031746,0.6025396825396826
2024-05-02,0.3726984126984127,0.6273015873015874
2024-05-03,0.3964285714285714,0.6035714285714285
2024-05-06,0.47535714285714287,0.5246428571428572
2024-05-07,0.47484126984126984,0.5251587301587302
2024-05-08,0.48,0.52
2024-05-09,0.48,0.52
2024-05-10,0.48,0.52
2024-05-13,0.48,0.52
2024-05-14,0.4614285714285714,0.5385714285714286
2024-05-15,0.4779365079365079,0.5220634920634921
2024-05-16,0.48,0.52
2024-05-17,0.48,0.52
2024-05-20,0.48,0.52
2024-05-21,0.48,0.52
2024-05-22,0.48,0.52
2024-05-23,0.48,0.52
2024-05-24,0.48,0.52
2024-05-27,0.48,0.52
2024-05-28,0.48,0.52
2024-05-29,0.48,0.52
2024-05-30,0.40055555555555555,0.5994444444444444
2024-05-31,0.385079365079365,0.614920634920635
2024-06-03,0.48,0.52
2024-06-04,0.48,0.52
2024-06-05,0.48,0.52
2024-06-06,0.48,0.52
2024-06-07,0.48,0.52
2024-06-10,0.48,0.52
2024-06-11,0.48,0.52
2024-06-12,0.48,0.52
2024-06-13,0.48,0.52
2024-06-14,0.48,0.52
2024-06-20,0.48,0.52
2024-06-21,0.4645238095238095,0.5354761904761905
2024-06-24,0.4691666666666666,0.5308333333333334
2024-06-25,0.4609126984126984,0.5390873015873016
2024-06-26,0.48,0.52
2024-06-27,0.48,0.52
2024-06-28,0.48,0.52
2024-07-01,0.48,0.52
2024-07-02,0.48,0.52
2024-07-03,0.48,0.52
2024-07-04,0.48,0.52
2024-07-05,0.48,0.52
2024-07-08,0.48,0.52
2024-07-09,0.48,0.52
2024-07-10,0.48,0.52
2024-07-11,0.48,0.52
2024-07-12,0.48,0.52
2024-07-16,0.46246031746031746,0.5375396825396825
2024-07-17,0.4578174603174603,0.5421825396825397
2024-07-18,0.3737301587301587,0.6262698412698413
2024-07-19,0.35,0.65
2024-07-22,0.35,0.65
2024-07-23,0.36238095238095236,0.6376190476190476
2024-07-24,0.3716666666666667,0.6283333333333333
2024-07-25,0.35,0.65
2024-07-26,0.35,0.65
2024-07-29,0.35,0.65
2024-07-30,0.35,0.65
2024-07-31,0.35,0.65
2024-08-01,0.35,0.65
2024-08-02,0.35,0.65
2024-08-05,0.35,0.65
2024-08-06,0.35,0.65
2024-08-07,0.35,0.65
2024-08-08,0.35,0.65
2024-08-09,0.35,0.65
2024-08-12,0.35,0.65
2024-08-13,0.35,0.65
2024-08-14,0.35,0.65
2024-08-15,0.35,0.65
2024-08-16,0.3634126984126984,0.6365873015873016
2024-08-19,0.37476190476190474,0.6252380952380953
2024-08-20,0.38095238095238093,0.6190476190476191
2024-08-21,0.35,0.65
2024-08-22,0.35,0.65
2024-08-23,0.35,0.65
2024-08-26,0.35,0.65
2024-08-27,0.35,0.65
2024-08-28,0.3551587301587301,0.6448412698412699
2024-08-29,0.35,0.65
2024-09-02,0.36857142857142855,0.6314285714285715
2024-09-03,0.36857142857142855,0.6314285714285715
2024-09-04,0.35,0.65
2024-09-05,0.35,0.65
2024-09-06,0.35,0.65
2024-09-09,0.35,0.65
2024-09-10,0.35,0.65
2024-09-11,0.35,0.65
2024-09-12,0.35,0.65
2024-09-13,0.35,0.65
2024-09-16,0.35,0.65
2024-09-17,0.35,0.65
2024-09-18,0.35,0.65
2024-09-19,0.35,0.65
2024-09-20,0.3541269841269841,0.6458730158730159
2024-09-23,0.35773809523809524,0.6422619047619048
2024-09-24,0.36238095238095236,0.6376190476190476
2024-09-25,0.3732142857142857,0.6267857142857143
2024-09-26,0.3716666666666667,0.6283333333333333
2024-09-27,0.3742460317460317,0.6257539682539683
2024-09-30,0.35,0.65
2024-10-01,0.35,0.65
2024-10-02,0.35,0.65
2024-10-03,0.35,0.65
2024-10-04,0.35,0.65
2024-10-07,0.35,0.65
2024-10-08,0.35,0.65
2024-10-09,0.35,0.65
2024-10-10,0.35,0.65
2024-10-11,0.35,0.65
2024-10-14,0.35,0.65
2024-10-15,0.35,0.65
2024-10-16,0.35,0.65
2024-10-17,0.35,0.65
2024-10-18,0.35,0.65
2024-10-21,0.35,0.65
2024-10-22,0.35,0.65
2024-10-23,0.35,0.65
2024-10-24,0.35,0.65
2024-10-25,0.35,0.65
2024-10-28,0.35,0.65
2024-10-30,0.35,0.65
2024-10-31,0.35,0.65
2024-11-01,0.35,0.65
2024-11-04,0.35,0.65
2024-11-05,0.35,0.65
2024-11-06,0.35,0.65
2024-11-07,0.35464285714285715,0.6453571428571429
2024-11-08,0.381984126984127,0.618015873015873
2024-11-11,0.3871428571428571,0.6128571428571429
2024-11-12,0.38611111111111107,0.6138888888888889
2024-11-13,0.3953968253968254,0.6046031746031746
2024-11-14,0.4201587301587301,0.5798412698412698
2024-11-15,0.41293650793650793,0.5870634920634921
2024-11-18,0.35928571428571426,0.6407142857142858
2024-11-19,0.3716666666666667,0.6283333333333333
2024-11-20,0.35257936507936505,0.647420634920635
2024-11-21,0.35,0.65
2024-11-22,0.35,0.65
2024-11-25,0.384047619047619,0.615952380952381
2024-11-26,0.4057142857142857,0.5942857142857143
2024-11-27,0.42428571428571427,0.5757142857142857
2024-11-28,0.4248015873015873,0.5751984126984128
2024-11-29,0.4248015873015873,0.5751984126984128
2024-12-02,0.44595238095238093,0.5540476190476191
2024-12-03,0.4552380952380952,0.5447619047619048
2024-12-04,0.45884920634920634,0.5411507936507937
2024-12-05,0.45059523809523805,0.549404761904762
2024-12-06,0.44595238095238093,0.5540476190476191
2024-12-09,0.48,0.52
2024-12-10,0.4222222222222222,0.5777777777777778
2024-12-11,0.4232539682539682,0.5767460317460318
2024-12-12,0.448015873015873,0.551984126984127
2024-12-13,0.4325396825396825,0.5674603174603174
2024-12-16,0.43976190476190474,0.5602380952380952
2024-12-17,0.40158730158730155,0.5984126984126984
2024-12-18,0.36857142857142855,0.6314285714285715
2024-12-19,0.35,0.65
2024-12-20,0.35,0.65
2024-12-23,0.35,0.65
2024-12-24,0.35103174603174603,0.648968253968254
2024-12-26,0.42738095238095236,0.5726190476190477
2024-12-27,0.40468253968253964,0.5953174603174604
2024-12-30,0.36960317460317454,0.6303968253968254
2024-12-31,0.35,0.65
2025-01-02,0.35,0.65
2025-01-03,0.35,0.65
2025-01-06,0.3706349206349206,0.6293650793650793
2025-01-07,0.3716666666666667,0.6283333333333333
2025-01-08,0.35,0.65
2025-01-09,0.35,0.65
2025-01-10,0.35,0.65
2025-01-13,0.35,0.65
2025-01-14,0.35,0.65
2025-01-15,0.35,0.65
2025-01-16,0.3768253968253968,0.6231746031746032
2025-01-17,0.36186507936507933,0.6381349206349206
2025-01-20,0.38146825396825396,0.618531746031746
2025-01-21,0.38146825396825396,0.618531746031746
2025-01-22,0.40880952380952373,0.5911904761904763
2025-01-23,0.40880952380952373,0.5911904761904763
2025-01-24,0.4119047619047619,0.5880952380952381
2025-01-27,0.4191269841269841,0.5808730158730159
2025-01-28,0.35,0.65
2025-01-29,0.3665079365079365,0.6334920634920636
2025-01-30,0.36496031746031743,0.6350396825396826
2025-01-31,0.3933333333333333,0.6066666666666667
2025-02-03,0.3675396825396825,0.6324603174603175
2025-02-04,0.35,0.65
2025-02-05,0.3541269841269841,0.6458730158730159
2025-02-06,0.39849206349206345,0.6015079365079365
2025-02-07,0.40365079365079365,0.5963492063492064
2025-02-10,0.36857142857142855,0.6314285714285715
2025-02-11,0.39849206349206345,0.6015079365079365
2025-02-12,0.38817460317460317,0.6118253968253968
2025-02-13,0.39384920634920634,0.6061507936507937
2025-02-14,0.4227380952380952,0.5772619047619048
2025-02-17,0.4346031746031746,0.5653968253968255
2025-02-18,0.4346031746031746,0.5653968253968255
2025-02-19,0.415,0.585
2025-02-20,0.417063492063492,0.582936507936508
2025-02-21,0.40365079365079365,0.5963492063492064
2025-02-24,0.35,0.65
2025-02-25,0.35,0.65
2025-02-26,0.35,0.65
2025-02-27,0.35,0.65
2025-02-28,0.35,0.65
2025-03-03,0.35,0.65
2025-03-04,0.35,0.65
2025-03-05,0.35,0.65
2025-03-06,0.35,0.65
2025-03-07,0.35,0.65
2025-03-10,0.35,0.65
2025-03-11,0.35,0.65
2025-03-12,0.35,0.65
2025-03-13,0.35,0.65
2025-03-14,0.35,0.65
2025-03-17,0.35,0.65
2025-03-18,0.35,0.65
2025-03-19,0.35,0.65
2025-03-20,0.35,0.65
2025-03-21,0.35,0.65
2025-03-24,0.35,0.65
2025-03-25,0.3726984126984127,0.6273015873015874
2025-03-26,0.3788888888888889,0.6211111111111112
2025-03-27,0.35619047619047617,0.6438095238095238
2025-03-28,0.35,0.65
2025-04-02,0.35,0.65
2025-04-03,0.35,0.65
2025-04-04,0.35,0.65
2025-04-07,0.35,0.65
2025-04-08,0.35,0.65
2025-04-09,0.35,0.65
2025-04-10,0.35,0.65
2025-04-11,0.35,0.65
2025-04-14,0.35,0.65
2025-04-15,0.35,0.65
2025-04-16,0.35,0.65
2025-04-17,0.35,0.65
2025-04-18,0.35,0.65
2025-04-21,0.35,0.65
2025-04-22,0.35,0.65
2025-04-24,0.35,0.65
2025-04-25,0.35,0.65
2025-04-28,0.35,0.65
2025-04-29,0.35,0.65
2025-04-30,0.35,0.65
2025-05-02,0.35,0.65
2025-05-05,0.35,0.65
2025-05-06,0.35,0.65
2025-05-07,0.35,0.65
2025-05-08,0.35,0.65
2025-05-09,0.35,0.65
2025-05-12,0.35,0.65
2025-05-13,0.383015873015873,0.616984126984127
2025-05-14,0.38817460317460317,0.6118253968253968
2025-05-15,0.3804365079365079,0.619563492063492
2025-05-16,0.39746031746031746,0.6025396825396826
2025-05-20,0.39230158730158726,0.6076984126984127
2025-05-21,0.39436507936507936,0.6056349206349206
2025-05-22,0.35,0.65
2025-05-23,0.35619047619047617,0.6438095238095238
2025-05-26,0.35,0.65
2025-05-27,0.35,0.65
2025-05-28,0.3799206349206349,0.6200793650793651
2025-05-29,0.36960317460317454,0.6303968253968254
2025-05-30,0.3757936507936508,0.6242063492063492
2025-06-02,0.3892063492063492,0.6107936507936508
2025-06-03,0.39384920634920634,0.6061507936507937
2025-06-04,0.4119047619047619,0.5880952380952381
2025-06-05,0.41448412698412695,0.585515873015873
2025-06-10,0.42376984126984124,0.5762301587301587
2025-06-11,0.43047619047619046,0.5695238095238095
2025-06-12,0.42119047619047617,0.5788095238095238
2025-06-13,0.40674603174603174,0.5932539682539683
2025-06-16,0.35,0.65
2025-06-17,0.3783730158730158,0.6216269841269841
2025-06-18,0.35,0.65
2025-06-19,0.36031746031746026,0.6396825396825397
2025-06-20,0.36031746031746026,0.6396825396825397
2025-06-23,0.352063492063492,0.647936507936508
2025-06-24,0.36444444444444446,0.6355555555555555
2025-06-25,0.42583333333333334,0.5741666666666667
2025-06-26,0.4438888888888889,0.5561111111111111
2025-06-27,0.448015873015873,0.551984126984127
2025-06-30,0.45936507936507937,0.5406349206349207
2025-07-01,0.4454365079365079,0.5545634920634921
2025-07-02,0.4418253968253968,0.5581746031746032
2025-07-03,0.448015873015873,0.551984126984127
2025-07-04,0.45936507936507937,0.5406349206349207
2025-07-07,0.45936507936507937,0.5406349206349207
2025-07-08,0.4180952380952381,0.5819047619047619
2025-07-09,0.4438888888888889,0.5561111111111111
2025-07-10,0.47896825396825393,0.5210317460317461
2025-07-11,0.48,0.52
2025-07-14,0.46039682539682536,0.5396031746031746
2025-07-16,0.4294444444444444,0.5705555555555556
2025-07-17,0.43666666666666665,0.5633333333333334
2025-07-18,0.4609126984126984,0.5390873015873016
2025-07-21,0.4640079365079365,0.5359920634920635
2025-07-22,0.4531746031746032,0.5468253968253969
2025-07-23,0.46349206349206346,0.5365079365079365
2025-07-24,0.48,0.52
2025-07-25,0.48,0.52
2025-07-28,0.48,0.52
2025-07-29,0.48,0.52
2025-07-30,0.48,0.52
2025-07-31,0.48,0.52
2025-08-01,0.45111111111111113,0.5488888888888889
2025-08-04,0.3572222222222222,0.6427777777777778
2025-08-05,0.42428571428571427,0.5757142857142857
2025-08-06,0.413968253968254,0.586031746031746
2025-08-07,0.4475,0.5525
2025-08-08,0.45626984126984127,0.5437301587301587
2025-08-11,0.48,0.52
2025-08-12,0.4707142857142857,0.5292857142857142
2025-08-13,0.48,0.52
2025-08-14,0.48,0.52
2025-08-15,0.48,0.52
2025-08-18,0.48,0.52
2025-08-19,0.48,0.52
2025-08-20,0.48,0.52
2025-08-21,0.48,0.52
2025-08-22,0.448531746031746,0.551468253968254
2025-08-25,0.48,0.52
2025-08-26,0.48,0.52
2025-08-27,0.48,0.52
2025-08-28,0.48,0.52
2025-08-29,0.48,0.52
2025-09-01,0.48,0.52
2025-09-02,0.48,0.52
2025-09-03,0.4253174603174603,0.5746825396825397
2025-09-04,0.46194444444444444,0.5380555555555556
2025-09-05,0.48,0.52
2025-09-08,0.48,0.52
2025-09-09,0.48,0.52
2025-09-10,0.48,0.52
2025-09-11,0.48,0.52
2025-09-12,0.48,0.52
2025-09-15,0.48,0.52
2025-09-16,0.47845238095238096,0.521547619047619
2025-09-17,0.4531746031746032,0.5468253968253969
2025-09-18,0.4769047619047619,0.5230952380952382
2025-09-19,0.4769047619047619,0.5230952380952382
2025-09-22,0.48,0.52
2025-09-23,0.46039682539682536,0.5396031746031746
2025-09-24,0.4351190476190476,0.5648809523809524
2025-09-25,0.45626984126984127,0.5437301587301587
2025-09-26,0.43047619047619046,0.5695238095238095
2025-09-29,0.48,0.52
2025-09-30,0.4609126984126984,0.5390873015873016
2025-10-01,0.4552380952380952,0.5447619047619048
2025-10-02,0.45420634920634917,0.5457936507936508
2025-10-03,0.4356349206349206,0.5643650793650794
2025-10-06,0.4320238095238095,0.5679761904761905
2025-10-07,0.44904761904761903,0.550952380952381
2025-10-08,0.4103571428571428,0.5896428571428571
2025-10-09,0.4531746031746032,0.5468253968253969
2025-10-10,0.4423412698412698,0.5576587301587301
2025-10-13,0.35,0.65
2025-10-14,0.36960317460317454,0.6303968253968254
2025-10-15,0.35,0.65
2025-10-16,0.35,0.65
2025-10-17,0.35,0.65
2025-10-20,0.35,0.65
2025-10-21,0.383015873015873,0.616984126984127
2025-10-22,0.39230158730158726,0.6076984126984127
2025-10-23,0.37476190476190474,0.6252380952380953
2025-10-24,0.4057142857142857,0.5942857142857143
2025-10-27,0.4475,0.5525
2025-10-28,0.4738095238095238,0.5261904761904762
2025-10-30,0.413968253968254,0.586031746031746
2025-10-31,0.413968253968254,0.586031746031746
2025-11-03,0.3964285714285714,0.6035714285714285
2025-11-04,0.4062301587301587,0.5937698412698413
2025-11-05,0.3613492063492063,0.6386507936507937
2025-11-06,0.38095238095238093,0.6190476190476191
2025-11-07,0.35103174603174603,0.648968253968254
2025-11-10,0.35825396825396827,0.6417460317460317
2025-11-11,0.39230158730158726,0.6076984126984127
2025-11-12,0.40158730158730155,0.5984126984126984
2025-11-13,0.39436507936507936,0.6056349206349206
2025-11-14,0.35,0.65
2025-11-17,0.35,0.65
2025-11-18,0.35,0.65
2025-11-19,0.35,0.65
2025-11-20,0.35,0.65
2025-11-21,0.35,0.65
2025-11-24,0.35,0.65
2025-11-25,0.35,0.65
2025-11-26,0.37785714285714284,0.6221428571428572
2025-11-27,0.4180952380952381,0.5819047619047619
2025-11-28,0.4180952380952381,0.5819047619047619
2025-12-01,0.4609126984126984,0.5390873015873016
2025-12-02,0.415,0.585
2025-12-03,0.4454365079365079,0.5545634920634921
2025-12-04,0.47484126984126984,0.5251587301587302
2025-12-05,0.48,0.52
2025-12-08,0.48,0.52
2025-12-09,0.4376984126984127,0.5623015873015873
2025-12-10,0.4263492063492063,0.5736507936507936
2025-12-11,0.48,0.52
2025-12-12,0.48,0.52
2025-12-15,0.48,0.52
2025-12-16,0.4536904761904762,0.5463095238095238
2025-12-17,0.4552380952380952,0.5447619047619048
2025-12-18,0.40055555555555555,0.5994444444444444
2025-12-19,0.43047619047619046,0.5695238095238095
2025-12-22,0.48,0.52
2025-12-23,0.48,0.52
2025-12-24,0.48,0.52
2025-12-26,0.48,0.52
2025-12-29,0.48,0.52
2025-12-30,0.48,0.52
2025-12-31,0.48,0.52
2026-01-02,0.48,0.52
2026-01-05,0.48,0.52
2026-01-06,0.48,0.52
2026-01-07,0.48,0.52
2026-01-08,0.48,0.52
2026-01-09,0.48,0.52
2026-01-12,0.48,0.52
2026-01-13,0.48,0.52
2026-01-14,0.4722619047619047,0.5277380952380952
2026-01-15,0.4263492063492063,0.5736507936507936
2026-01-16,0.47638888888888886,0.5236111111111111
2026-01-19,0.47484126984126984,0.5251587301587302
2026-01-20,0.47484126984126984,0.5251587301587302
2026-01-21,0.35,0.65
2026-01-22,0.4201587301587301,0.5798412698412698
2026-01-23,0.48,0.52
2026-01-26,0.46865079365079365,0.5313492063492063
2026-01-27,0.46658730158730155,0.5334126984126984
2026-01-28,0.45936507936507937,0.5406349206349207
2026-01-29,0.45884920634920634,0.5411507936507937
2026-01-30,0.4201587301587301,0.5798412698412698
2026-02-02,0.3990079365079365,0.6009920634920635
2026-02-03,0.4614285714285714,0.5385714285714286
2026-02-04,0.38611111111111107,0.6138888888888889
2026-02-05,0.36960317460317454,0.6303968253968254
2026-02-06,0.35,0.65
2026-02-09,0.35,0.65
2026-02-10,0.40468253968253964,0.5953174603174604
2026-02-11,0.3928174603174603,0.6071825396825397
2026-02-12,0.3953968253968254,0.6046031746031746
2026-02-13,0.35,0.65
2026-02-16,0.35,0.65
2026-02-17,0.35,0.65
2026-02-18,0.35103174603174603,0.648968253968254
2026-02-19,0.3613492063492063,0.6386507936507937
2026-02-20,0.3530952380952381,0.6469047619047619
2026-02-23,0.3706349206349206,0.6293650793650793
2026-02-24,0.35,0.65
2026-02-25,0.36444444444444446,0.6355555555555555
2026-02-26,0.3953968253968254,0.6046031746031746
2026-02-27,0.3788888888888889,0.6211111111111112
2026-03-02,0.35928571428571426,0.6407142857142858
2026-03-03,0.35,0.65
2026-03-04,0.35,0.65
2026-03-05,0.35,0.65
2026-03-06,0.35,0.65
2026-03-09,0.35,0.65
2026-03-10,0.35,0.65
2026-03-11,0.35,0.65
2026-03-12,0.35,0.65
2026-03-13,0.35,0.65
2026-03-16,0.35,0.65
2026-03-17,0.35,0.65
2026-03-18,0.35,0.65
2026-03-19,0.35,0.65
2026-03-23,0.35,0.65
2026-03-24,0.35,0.65
2026-03-25,0.35,0.65
2026-03-26,0.35,0.65
2026-03-27,0.35,0.65
2026-03-30,0.35,0.65
2026-03-31,0.35,0.65
2026-04-01,0.35,0.65
2026-04-02,0.35,0.65
2026-04-03,0.35,0.65
2026-04-06,0.35,0.65
2026-04-07,0.35,0.65
2026-04-08,0.35,0.65
2026-04-09,0.35,0.65
2026-04-10,0.3716666666666667,0.6283333333333333
2026-04-13,0.3726984126984127,0.6273015873015874
2026-04-14,0.3737301587301587,0.6262698412698413
2026-04-15,0.3886904761904762,0.6113095238095239
2026-04-16,0.39126984126984127,0.6087301587301588
2026-04-17,0.3964285714285714,0.6035714285714285
2026-04-20,0.4103571428571428,0.5896428571428571
2026-04-21,0.3757936507936508,0.6242063492063492
2026-04-22,0.3628968253968254,0.6371031746031746
2026-04-24,0.36392857142857143,0.6360714285714286
2026-04-27,0.3757936507936508,0.6242063492063492
2026-04-28,0.3917857142857143,0.6082142857142857
2026-04-29,0.3990079365079365,0.6009920634920635
2026-04-30,0.3726984126984127,0.6273015873015874
2026-05-04,0.4263492063492063,0.5736507936507936
2026-05-05,0.381984126984127,0.618015873015873
2026-05-06,0.4113888888888889,0.5886111111111111
2026-05-07,0.4098412698412698,0.5901587301587302
2026-05-08,0.4253174603174603,0.5746825396825397
2026-05-11,0.4196428571428571,0.5803571428571429
2026-05-12,0.37476190476190474,0.6252380952380953
2026-05-13,0.3871428571428571,0.6128571428571429
2026-05-14,0.3897222222222222,0.6102777777777778
2026-05-15,0.4134523809523809,0.5865476190476191
2026-05-18,0.3716666666666667,0.6283333333333333
2026-05-20,0.38095238095238093,0.6190476190476191
2026-05-21,0.4057142857142857,0.5942857142857143
2026-05-22,0.4392460317460317,0.5607539682539683
2026-05-25,0.4438888888888889,0.5561111111111111
2026-05-26,0.4521428571428571,0.5478571428571429
2026-06-01,0.48,0.52
2026-06-02,0.48,0.52
2026-06-03,0.48,0.52
2026-06-04,0.47896825396825393,0.5210317460317461
2026-06-05,0.48,0.52
2026-06-08,0.35,0.65
2026-06-09,0.3567063492063492,0.6432936507936509
2026-06-10,0.35,0.65
2026-06-11,0.35,0.65
2026-06-12,0.35,0.65
2026-06-15,0.3892063492063492,0.6107936507936508
2026-06-16,0.4707142857142857,0.5292857142857142
2026-06-17,0.45265873015873015,0.5473412698412699
2026-06-18,0.36547619047619045,0.6345238095238096
2026-06-19,0.4536904761904762,0.5463095238095238
2026-06-22,0.4536904761904762,0.5463095238095238
2026-06-23,0.4021031746031746,0.5978968253968254
2026-06-24,0.35,0.65
2026-06-25,0.3608333333333333,0.6391666666666667
2026-06-26,0.35619047619047617,0.6438095238095238
2026-06-29,0.3675396825396825,0.6324603174603175
2026-06-30,0.3897222222222222,0.6102777777777778
2026-07-01,0.44904761904761903,0.550952380952381
2026-07-02,0.4418253968253968,0.5581746031746032
2026-07-03,0.4722619047619047,0.5277380952380952
2026-07-06,0.4722619047619047,0.5277380952380952
2026-07-07,0.48,0.52
2026-07-08,0.47174603174603175,0.5282539682539683
2026-07-09,0.4217063492063492,0.5782936507936508
2026-07-10,0.48,0.52
2026-07-13,0.48,0.52
2026-07-14,0.41448412698412695,0.585515873015873
2026-07-16,0.48,0.52
2026-07-17,0.4284126984126984,0.5715873015873016
2026-07-20,0.35928571428571426,0.6407142857142858
2026-07-21,0.3613492063492063,0.6386507936507937
2026-07-22,0.416031746031746,0.583968253968254
2026-07-23,0.4371825396825397,0.5628174603174604
2026-07-24,0.3613492063492063,0.6386507936507937
2026-07-27,0.3675396825396825,0.6324603174603175
2026-07-28,0.36238095238095236,0.6376190476190476
2026-07-29,0.37785714285714284,0.6221428571428572
2026-07-30,0.35,0.65
2026-07-31,0.4201587301587301,0.5798412698412698
2026-08-03,0.48,0.52
2026-08-04,0.48,0.52
2026-08-05,0.44904761904761903,0.550952380952381
2026-08-06,0.48,0.52
2026-08-07,0.48,0.52
2026-08-10,0.48,0.52
2026-08-11,0.48,0.52
2026-08-12,0.48,0.52
2026-08-13,0.48,0.52
2026-08-14,0.48,0.52
2026-08-17,0.48,0.52
2026-08-18,0.48,0.52
2026-08-19,0.48,0.52
2026-08-20,0.48,0.52
2026-08-21,0.4779365079365079,0.5220634920634921
2026-08-24,0.48,0.52
2026-08-25,0.48,0.52
2026-08-26,0.48,0.52
2026-08-27,0.48,0.52
2026-08-28,0.48,0.52
2026-08-31,0.48,0.52
2026-09-01,0.48,0.52
2026-09-02,0.45988095238095233,0.5401190476190476
2026-09-03,0.48,0.52
2026-09-04,0.48,0.52
2026-09-07,0.48,0.52
2026-09-08,0.48,0.52
2026-09-09,0.48,0.52
2026-09-10,0.446984126984127,0.5530158730158731
2026-09-11,0.3892063492063492,0.6107936507936508
2026-09-14,0.48,0.52
2026-09-15,0.417063492063492,0.582936507936508
2026-09-16,0.41293650793650793,0.5870634920634921
2026-09-17,0.3933333333333333,0.6066666666666667
2026-09-18,0.48,0.52
